-- phpMyAdmin SQL Dump
-- version 5.1.1
-- https://www.phpmyadmin.net/
--
-- Host: 127.0.0.1:3306
-- Generation Time: Jun 02, 2022 at 03:53 PM
-- Server version: 5.7.36
-- PHP Version: 7.4.26

SET SQL_MODE = "NO_AUTO_VALUE_ON_ZERO";
START TRANSACTION;
SET time_zone = "+00:00";


/*!40101 SET @OLD_CHARACTER_SET_CLIENT=@@CHARACTER_SET_CLIENT */;
/*!40101 SET @OLD_CHARACTER_SET_RESULTS=@@CHARACTER_SET_RESULTS */;
/*!40101 SET @OLD_COLLATION_CONNECTION=@@COLLATION_CONNECTION */;
/*!40101 SET NAMES utf8mb4 */;

--
-- Database: `thibanglaia1`
--

-- --------------------------------------------------------

--
-- Table structure for table `bienbao`
--

DROP TABLE IF EXISTS `bienbao`;
CREATE TABLE IF NOT EXISTS `bienbao` (
  `hinh_BB` text COLLATE utf8_unicode_ci NOT NULL,
  `nd_BB` text COLLATE utf8_unicode_ci NOT NULL,
  `loai_BB` text COLLATE utf8_unicode_ci NOT NULL
) ENGINE=InnoDB DEFAULT CHARSET=utf8 COLLATE=utf8_unicode_ci;

--
-- Dumping data for table `bienbao`
--

INSERT INTO `bienbao` (`hinh_BB`, `nd_BB`, `loai_BB`) VALUES
('http://hoclaixe83.com/wp-content/uploads/101-duong-cam-228x228.jpg', 'Biển số 101 \"Đường cấm\", báo đường cấm tất cả các loại phương tiện (cơ giới và thô sơ) đi lại cả hai hướng, trừ các xe được ưu tiên theo quy định', '1'),
('http://hoclaixe83.com/wp-content/uploads/bien-bao-102.jpg', 'Biển số 102 \"Cấm đi ngược chiều\", báo đường cấm tất cả các loại xe (cơ giới và thô sơ) đi vào theo chiều đặt biển, trừ các xe được ưu tiên theo quy định', '1'),
('http://hoclaixe83.com/wp-content/uploads/103a-cam-o-to.jpg', 'Biển số 103a \"Cấm ô tô\", báo đường cấm tất cả các loại xe cơ giới kể cả môtô 3 bánh có thùng đi qua, trừ môtô hai bánh, xe gắn máy và các xe được ưu tiên theo quy định', '1'),
('https://encrypted-tbn0.gstatic.com/images?q=tbn:ANd9GcSYYIZMShu61DAETUzggQKVGj2Ws0Q9upAfyxkJyG2Q--l7WwsIbIwQlL-AjbEn6x8QMU0&usqp=CAU', 'Biển số 103b \"Cấm ô tô rẽ phải\", báo đường cấm tất cả các loại xe cơ giới kể cả môtô 3 bánh có thùng rẽ phải, trừ môtô hai bánh, xe gắn máy và các xe được ưu tiên theo quy định', '1'),
('https://luatgiaothong.com.vn/wp-content/uploads/2016/02/bien-cam-o-to-re-trai-bien-bao-cam-so-hieu-103c.jpg', 'Biển số 103c \"Cấm ô tô rẽ trái\", báo đường cấm tất cả các loại xe cơ giới kể cả môtô 3 bánh có thùng rẽ trái, trừ môtô hai bánh, xe gắn máy và các xe được ưu tiên theo quy định', '1'),
('http://hoclaixe83.com/wp-content/uploads/cam-mo-to.jpg', 'Biển số 104 \"Cấm mô tô\", báo đường cấm tất cả các loại môtô đi qua, trừ các xe môtô được ưu tiên theo quy định', '1'),
('http://hoclaixe83.com/wp-content/uploads/105-cam-oto-va-moto-1.jpg', 'Biển số 105 \"Cấm ô tô và mô tô\", báo đường cấm tất cả các loại xe cơ giới và môtô đi qua trừ xe gắn máy và các xe được ưu tiên theo quy định', '1'),
('https://luatgiaothong.com.vn/wp-content/uploads/2016/02/bien-bao-cam-o-to-tai-bien-bao-giao-thong-so-hieu-106a.jpg', 'Biển số 106a \"Cấm ô tô tải\", báo đường cấm tất cả các loại ôtô chở hàng có trọng tải từ 1,5 tấn trở lên trừ các xe được ưu tiên theo quy định. Biển có hiệu lực cấm đối với cả máy kéo và các xe máy chuyên dùng.', '1'),
('https://cdn.thuvienphapluat.vn/tintuc/uploads/image/2017/05/29/106b.png', 'Biển số 106b \"Cấm ô tô tải\" có tổng trọng lượng (trọng lượng xe cộng hàng) vượt quá con số đã quy định trên biển. Biển có hiệu lực cấm đối với cả máy kéo và các xe máy chuyên dùng đi vào đoạn đường đặt biển. ', '1'),
('https://i-vnexpress.vnecdn.net/2018/01/14/107-cam-oto-khach-va-oto-tai-2-4692-8542-1515921208_680x0.jpg', 'Biển số 107 \"Cấm ô tô  khách và ô tô  tải\" báo đường cấm ôtô chở khách và các loại ôtô tải kể cả các loại máy kéo và xe máy thi công chuyên dùng đi qua trừ các xe được ưu tiên theo quy định', '1'),
('http://hoclaixe83.com/wp-content/uploads/110a-cam-di-xe-dap-228x228.jpg', 'Biển số 110a \"Cấm đi xe đạp\", báo đường cấm xe đạp đi qua. Biển không có giá trị cấm những người dắt xe đạp. ', '1'),
('http://hoclaixe83.com/wp-content/uploads/110b-cam-xe-dap-tho.jpg', 'Biển số 110b \"Cấm xe đạp thồ\", báo đường cấm xe đạp thồ đi qua. Biển không có giá trị cấm những người dắt xe đạp. Biển này không cấm người dắt loại xe này.', '1'),
('https://cdn.vatgia.vn/pictures/thumb/320x320/2014/02/voq1392089127.jpg', 'Biển số 111a \"Cấm xe gắn máy\", báo đường cấm xe gắn máy đi qua. Biển không có giá trị đối với xe đạp.', '1'),
('http://hoclaixe83.com/wp-content/uploads/111b-cam-xe-ba-banh-loai-co-dong-co.jpg', 'Biển số 111b \"Cấm xe ba bánh loại có động cơ\" báo đường cấm xe ba bánh loại có động cơ như xe lam, xích lô máy v.v…', '1'),
('http://hoclaixe83.com/wp-content/uploads/112-cam-nguoi-di-bo-228x228.jpg', 'Biển số 112 \"Cấm người đi bộ\", báo đường cấm người đi bộ qua lại', '1'),
('http://hoclaixe83.com/wp-content/uploads/115-han-che-trong-luong-xe-228x228.jpg', 'Biển số 115 \"Hạn chế trọng lượng xe\", báo đường cấm các loại xe (cơ giới và thô sơ) kể cả các xe được ưu tiên theo quy định, có trọng lượng toàn bộ (cả xe và hàng) vượt quá trị số ghi  trên biển đi qua', '1'),
('http://hoclaixe83.com/wp-content/uploads/118-han-che-chieu-ngang.jpg', 'Biển số 118 \"Hạn chế chiều ngang\", báo hạn chế chiều ngang của xe, cấm các xe (cơ giới và thô sơ) kể cả các xe được ưu tiên theo quy định có chiều ngang (kể cả xe và hàng hóa) vượt quá trị số ghi trên biển không được đi qua. ', '1'),
('https://www.vattukimkhi.com.vn/Portals/27523/bien%20bao%20giao%20thong,%20cong%20truong/bien-bao-cam-123a.jpg', 'Biển số 123a \"Cấm rẽ trái\", cấm các loại xe (cơ giới và thô sơ) rẽ sang phía trái ở những vị trí đường giao nhau trừ các xe được ưu tiên theo quy định. Biển này cũng cấm xe quay đầu. ', '1'),
('http://hoclaixe83.com/wp-content/uploads/123b-cam-re-phai.jpg', 'Biển số 123b \"Cấm rẽ phải\", cấm các loại xe (cơ giới và thô sơ) rẽ sang phía phải ở những vị trí đường giao nhau trừ các xe được ưu tiên theo quy định.', '1'),
('http://hoclaixe83.com/wp-content/uploads/124a-cam-quay-xe.jpg', 'Biển số 124a \"Cấm quay xe\", báo cấm các loại xe cơ giới và thô sơ quay đầu (theo kiểu chữ U) trừ các xe được ưu tiên theo quy định. Biển này không cấm rẽ trái.', '1'),
('http://hoclaixe83.com/wp-content/uploads/124b-cam-o-to-quay-dau-xe.jpg', 'Biển số 124b \"Cấm ô tô quay đầu xe\", báo cấm xe ôtô và mô tô 3 bánh quay đầu (theo kiểu chữ U), trừ các xe được ưu tiên theo quy định. Biển này không cấm rẽ trái.', '1'),
('http://hoclaixe83.com/wp-content/uploads/125-cam-vuot-228x228.jpg', 'Biển số 125 \"Cấm vượt\", báo cấm các loại xe cơ giới vượt nhau kể cả xe được ưu tiên theo quy định. ', '1'),
('https://luatgiaothong.com.vn/wp-content/uploads/2018/08/bien-bao-cam-oto-tai-vuot-bien-bao-giao-thong-so-hieu-126.jpg', 'Biển số 126 \"Cấm ôtô  tải vượt\", báo cấm các loại ôtô tải vượt xe cơ giới khác. Biển có hiệu lực cấm tất cả các loại ôtô tải có trọng lượng lớn nhất cho phép (bao gồm trọng lượng xe và hàng) trên 3,5Tấn kể cả các xe được ưu tiên theo quy định vượt xe cơ giới khác.', '1'),
('https://www.thietbigiaothong24h.com/Portals/27907/03_01_20/127.jpg', 'Biển số 127 \"Tốc độ tối đa cho phép\", báo tốc độ tối đa cho phép các xe cơ giới chạy, trừ các xe được ưu tiên theo quy định.', '1'),
('http://www.thietbigiaothong24h.com/Portals/27907/Bien%20bao%20cam/128_jpg.jpg', 'Biển số 128 \"Cấm sử dụng còi\", báo cấm các loại xe cơ giới sử dụng còi', '1'),
('https://www.thietbigiaothong24h.com/Portals/27907/Bien%20bao%20cam/130_jpg.jpg', 'Biển số 130 \"Cấm dừng xe và đỗ xe\", báo nơi cấm dừng xe và đỗ xe. Biển có hiệu lực cấm các loại xe cơ giới dừng và đỗ ở phía đường có đặt biển trừ các xe được ưu tiên theo quy định.', '1'),
('https://o.vdoc.vn/data/image/2019/03/29/bien-bao-cam-do-xe-p131a-1.jpg', 'Biển số 131a \"Cấm đỗ xe\", báo nơi cấm đỗ xe trừ các xe được ưu tiên theo quy định', '1'),
('https://luatgiaothong.com.vn/wp-content/uploads/2018/08/bien-bao-cam-do-xe-vao-nhung-ngay-le-bien-bao-giao-thong-so-hieu-131b-icon.jpg', 'Biển số 131b \"Cấm đỗ xe\", báo nơi cấm đỗ xe cơ giới vào những ngày lẻ', '1'),
('http://bizweb.dktcdn.net/thumb/grande/100/352/036/products/bien-bao-dung-lai.jpg?v=1599812231573', 'Biển số 122 \"Dừng lại\", buộc các loại xe cơ giới và thô sơ kể cả xe được ưu tiên theo quy định dừng lại trước biển hoặc trước vạch ngang đường và chỉ được phép đi khi thấy các tín hiệu (do người điều khiển giao thông hoặc đèn cờ) cho phép đi. Trong trường hợp trên đường không đặt tín hiệu đèn cờ, không có người  điều khiển giao thông hoặc các tín hiệu đèn không bật sáng thì người lái xe chỉ được phép đi khi trên đường không còn nguy cơ mất an toàn giao thông. ', '2'),
('http://bizweb.dktcdn.net/thumb/grande/100/352/036/products/bien-301-a.jpg?v=1600053811687', 'Biển số 301a \" Hướng đi phải theo \", các xe chỉ được đi thẳng (trừ xe được quyền ưu tiên theo quy định)', '2'),
('https://bizweb.dktcdn.net/100/352/036/files/bien-301b.jpg?v=1600054609304', 'Biển số 301b \" Hướng đi phải theo \", các xe chỉ được rẽ phải (trừ xe được quyền ưu tiên theo quy định). Biển này được đặt ở sau  nơi đường giao nhau.', '2'),
('https://bizweb.dktcdn.net/thumb/1024x1024/100/352/036/products/bien-301c.jpg?v=1600059101807', 'Biển số 301c \" Hướng đi phải theo \", các xe chỉ được rẽ trái (trừ xe được quyền ưu tiên theo quy định). Biển này được đặt ở sau nơi đường giao nhau.', '2'),
('https://o.vdoc.vn/data/image/2019/04/04/bien-bao-r301d-1.jpg', 'Biển số 301d \" Hướng đi phải theo \", các xe chỉ được rẽ phải (trừ xe được quyền ưu tiên theo quy định). Biển này được đặt ở trước nơi đường giao nhau, có tác dụng tại nơi giao nhau đằng sau mặt biển.', '2'),
('http://carly.vn/upload/images/bien-hieu-lenh-301e.jpg', 'Biển số 301e \" Hướng đi phải theo \", các xe chỉ được rẽ trái (trừ xe được quyền ưu tiên theo quy định).  Biển này được đặt ở trước nơi đường giao nhau, có tác dụng tại nơi giao nhau đằng sau mặt biển.', '2'),
('http://giaothongtuoiteen.com/wp-content/uploads/2020/06/bien-hieu-lenh-301f.jpg', 'Biển số 301f \" Hướng đi phải theo \", các xe chỉ được đi thẳng và rẽ phải (trừ xe được quyền ưu tiên theo quy định)', '2'),
('http://giaothongtuoiteen.com/wp-content/uploads/2020/06/bien-hieu-lenh-301h.jpg', 'Biển số 301h \" Hướng đi phải theo \", các xe chỉ được đi thẳng và rẽ trái (trừ xe được quyền ưu tiên theo quy định)', '2'),
('https://alohoc.com/data/upload/2018/1225/301i-cac-xe-chi-duoc-re-trai-va-re-phai-500x500.jpg?ver=1651429387', 'Biển số 301i \" Hướng đi phải theo \", các xe chỉ được rẽ phải và rẽ trái (trừ xe được quyền ưu tiên theo quy định)', '2'),
('https://encrypted-tbn0.gstatic.com/images?q=tbn:ANd9GcT8nEnioVrjz-nVUYoR20yrux46l3vhYJ6wjA&usqp=CAU', 'Biển số 302a \"Hướng phải đi vòng chướng ngại vật\", báo các loại xe (cơ giới và thô sơ) hướng đi vòng sang phải để qua một chướng ngại vật ', '2'),
('https://encrypted-tbn0.gstatic.com/images?q=tbn:ANd9GcT5_vDU3TGdeHA19-yo1g-qT7ZAoFY7NBZ2sA&usqp=CAU', 'Biển số 302b \"Hướng phải đi vòng chướng ngại vật\", báo các loại xe (cơ giới và thô sơ) hướng đi vòng sang trái để qua một chướng ngại vật ', '2'),
('https://encrypted-tbn0.gstatic.com/images?q=tbn:ANd9GcTWwp2-wSIWAtNAlV38zk8WXSYOV2dJUABCjYLHFgOs5GldXw0e3RLHHRUsEp2IUCQ6Phg&usqp=CAU', 'Biển số 303 \"Nơi giao nhau chạy theo vòng xuyến\", báo cho các loại xe (thô sơ và cơ giới) phải chạy vòng theo đảo an toàn ở nơi đường giao nhau. (Xem thêm: Có cần xi nhan tại vòng xuyến?)', '2'),
('http://www.thietbiantoangiaothong.com/storage/304duong-danh-cho-xe-tho-so-228x228.jpg', 'Biển số 304 \" Đường dành cho xe thô  sơ\", báo đường dành cho xe thô sơ (kể cả xe của người tàn tật) và người đi bộ. Biển bắt buộc các  loại xe thô sơ (kể cả xe của người tàn tật) và người đi bộ phải dùng đường dành riêng này để đi và cấm các xe cơ giới kể cả xe gắn máy, các xe được ưu tiên theo quy định đi vào đường đã đặt biển này.', '2'),
('https://www.thietbigiaothong24h.com/Portals/27907/03_01_20/R305.jpg', 'Biển số 305 \"Đường dành cho người đi bộ\", báo đường dành cho người đi bộ. Các loại xe cơ giới và thô sơ kể cả các xe được ưu tiên theo quy định không được phép đi vào đường đã đặt biển này, trừ trường hợp đi cắt ngang qua nhưng phải đảm bảo tuyệt đối an toàn cho người đi bộ.', '2'),
('https://bizweb.dktcdn.net/thumb/1024x1024/100/352/036/products/3825039bien-hieu-lenh-toc-do-toi-da-jpeg.jpg?v=1599816552780', 'Biển số 306 \"Tốc độ tối thiểu cho phép\", báo tốc độ tối thiểu cho phép các xe cơ giới chạy. Biển cấm các loại xe cơ giới chạy với tốc độ nhỏ hơn trị số ghi trên biển.', '2'),
('https://daotaolaixehd.com.vn/wp-content/uploads/2016/12/bien-chi-dan-401-180x180.png', 'Để biểu thị ưu tiên cho các phương tiện trên đường có đặt biển này được đi trước. Biển đặt tại vị trí thích hợp trước khi đường nhánh sắp nhập vào trục đường chính, yêu cầu phương tiện từ đường nhánh ra phải dừng lại nhường cho phương tiện trên đường chính đi trước. ', '3'),
('https://daotaolaixehd.com.vn/wp-content/uploads/2016/12/bien-chi-dan-402-180x180.png', 'Báo hiệu hết đoạn đường được ưu tiên', '3'),
('https://daotaolaixehd.com.vn/wp-content/uploads/2016/12/bien-chi-dan-403a-225x300.png', 'Để chỉ dẫn bắt đầu đường dành cho các loại ôtô đi lại, các loại phương tiện giao thông khác không được phép đi vào đoạn đường có dặt biển này', '3'),
('https://daotaolaixehd.com.vn/wp-content/uploads/2016/12/bien-chi-dan-403b-225x300.png', 'Để chỉ dẫn bắt đầu đường dành cho các loại ôtô, xe máy (kể cả xe gắn máy) đi lại, các loại phương tiện giao thông khác không được phép đi vào đoạn đường có đặt biển này', '3'),
('http://baoholaodong247.com/Portals/26918/404a.jpg', 'Để chỉ dẫn hết đoạn đường dành cho ôtô đi lại', '3'),
('https://daotaolaixehd.com.vn/wp-content/uploads/2016/12/bien-chi-dan-404b-225x300.png', 'Để chỉ dẫn hết đoạn đường dành cho ôtô, xe máy đi lại', '3'),
('https://daotaolaixehd.com.vn/wp-content/uploads/2016/12/bien-chi-dan-405a-224x300.png', 'Để chỉ dẫn đường cụt, lối rẽ vào đường cụt phía bên phải', '3'),
('https://daotaolaixehd.com.vn/wp-content/uploads/2016/12/bien-chi-dan-405b-224x300.png', 'Để chỉ dẫn đường cụt, lối rẽ vào đường cụt phía bên trái', '3'),
('https://daotaolaixehd.com.vn/wp-content/uploads/2016/12/bien-chi-dan-405c.png', 'Để chỉ dẫn phía trước là đường cụt, đặt trước đường cụt 300m đến 500m và cứ 100m phải đặt thêm một biển', '3'),
('https://daotaolaixehd.com.vn/wp-content/uploads/2016/12/bien-chi-dan-405c.png', 'Để chỉ dẫn cho người lái xe cơ giới biết mình được quyền ưu tiên đi trước trên đoạn đường hẹp. Nếu trên hướng đi ngược chiều có xe (cơ giới hoặc thô sơ) đã đi vào phạm vi đường hẹp thì xe đi theo chiều ưu tiên cũng phải nhường đường.', '3'),
('https://daotaolaixehd.com.vn/wp-content/uploads/2016/12/bien-chi-dan-408.png', 'Để chỉ dẫn những nơi được phép đỗ xe, những bãi đỗ xe, bến xe v.v…', '3'),
('https://daotaolaixehd.com.vn/wp-content/uploads/2016/12/bien-chi-dan-409.png', 'Để chỉ dẫn vị trí được phép quay đầu xe. Biển không cho phép rẽ trái (trừ các xe được quyền ưu tiên theo quy định).', '3'),
('https://daotaolaixehd.com.vn/wp-content/uploads/2016/12/bien-chi-dan-410.png', 'Để chỉ dẫn khu vực được phép quay đầu xe , phải đặt biển số 410 \"Khu vực quay xe\". Trên biển mô tả cách thức tiến hành quay xe. Biển không cho phép rẽ trái (trừ các xe được quyền ưu tiên theo quy định).', '3'),
('https://daotaolaixehd.com.vn/wp-content/uploads/2016/12/bien-chi-dan-411-300x150.png', 'Để chỉ dẫn cho người lái xe biết số lượng làn đường trên mặt đường và hướng đi trên mỗi làn đường theo vạch kẻ đường.\n\nBiển sử dụng phối hợp với vạch kẻ đường (loại vạch 1.18 hình mũi tên màu trắng trên mặt đường). Tùy theo tình hình thực tế về số lượng làn đường và hướng đi trên mỗi làn đường mà có ký hiệu chỉ dẫn phù hợp. Biển có tác dụng bắt buộc người lái xe phải đi đúng làn đường đã được chỉ dẫn hướng phù hợp với hành trình cuả xe.', '3');

-- --------------------------------------------------------

--
-- Table structure for table `bode`
--

DROP TABLE IF EXISTS `bode`;
CREATE TABLE IF NOT EXISTS `bode` (
  `BD_S` int(11) NOT NULL,
  `S_Cau` int(11) NOT NULL
) ENGINE=MyISAM DEFAULT CHARSET=utf8 COLLATE=utf8_unicode_ci;

--
-- Dumping data for table `bode`
--

INSERT INTO `bode` (`BD_S`, `S_Cau`) VALUES
(1, 25),
(2, 25),
(3, 25),
(4, 25),
(5, 25),
(6, 25),
(7, 25),
(8, 25),
(9, 25),
(10, 25),
(11, 25);

-- --------------------------------------------------------

--
-- Table structure for table `cauhoi_dapan`
--

DROP TABLE IF EXISTS `cauhoi_dapan`;
CREATE TABLE IF NOT EXISTS `cauhoi_dapan` (
  `cau` int(11) NOT NULL,
  `nd_cauhoi` text COLLATE utf8_unicode_ci NOT NULL,
  `hinh_cauhoi` text COLLATE utf8_unicode_ci NOT NULL,
  `a` text COLLATE utf8_unicode_ci NOT NULL,
  `b` text COLLATE utf8_unicode_ci NOT NULL,
  `c` text COLLATE utf8_unicode_ci NOT NULL,
  `d` text COLLATE utf8_unicode_ci NOT NULL,
  `caudung` text COLLATE utf8_unicode_ci NOT NULL,
  `caudiemliet` text COLLATE utf8_unicode_ci NOT NULL,
  `loai_CH` text COLLATE utf8_unicode_ci NOT NULL,
  `BD_S` text COLLATE utf8_unicode_ci NOT NULL
) ENGINE=MyISAM DEFAULT CHARSET=utf8 COLLATE=utf8_unicode_ci;

--
-- Dumping data for table `cauhoi_dapan`
--

INSERT INTO `cauhoi_dapan` (`cau`, `nd_cauhoi`, `hinh_cauhoi`, `a`, `b`, `c`, `d`, `caudung`, `caudiemliet`, `loai_CH`, `BD_S`) VALUES
(1, 'Phần của đường bộ được sử dụng cho các phương tiện giao thông qua lại là gi?', '', '1. Phần mặt đường và lề đường', '2. Phân đường xe chạy', '3. Phần đường xe cơ giới', '', 'b', '1', '1', '7'),
(2, '“Làn đường” là gì?', '', '1. Là một phần của phần đường xe chạy được chia theo chiều dọc của đường, sử dụng cho xe chay', '2.Là một phần của phần đường xe chạy được chia theo chiều dọc của đường, có bề rộng đủ cho xe chạy an toàn', '3. Là một phần của phần đường xe chạy được chia theo chiều dọc của đường, có đủ bề rộng cho xe ô tô chạy an toàn', '', 'b', '1', '1', '10'),
(3, 'Khái niệm \"Khổ giới hạn dường bộ được hiểu như thể nào là đúng?', '', '1. Là khoảng trống có kích thước giới hạn về chiều cao, chiều rộng của đường, cầu, bến phà, hầm đường bộ để các xe kể cả hàng hóa xếp trên xe đi qua được an toàn.', '2. Là khoảng trống có kích thước giới hạn về chiều rộng của đường, cầu, bến phà, hầm trên đường bộ để các xe kể cả hàng hóa xếp trên xe đi qua được an toàn', '3. Là khoảng trống có kích thước giới hạn về chiều cao của cầu, bến phà, hầm trên đường bộ để các xe đi qua được an toàn', '', 'a', '1', '1', '2'),
(4, 'Trong các khái niệm dưới đây, \"dải phân cách” được hiểu như thế nào là đúng?', '', '1. Là bộ phận của đường để ngăn cách không cho các loại xe vào những nơi không được phép.', '2. Là bộ phận của đường để phân tách phần đường xe chạy và hành lang an toàn giao thông.', '3. Là bộ phận của đường để phân chia mặt đường thành hai chiều xe chạy riêng biệt hoặc để phân chia phần đường của xe cơ giới và xe thô sơ.', '', 'c', '1', '1', '4'),
(5, '“Dải phân cách” trên đường bộ gồm những loại nào?', '', '1. Dải phân cách gồm loại cố định và loại di động.', '2. Dải phân cách gồm tường chống ồn, hộ lan cứng và hộ lan mềm..', '3. Dải phân cách gồm giá long môn và biển báo hiệu đường bộ.', '', 'a', '1', '1', '9'),
(6, 'Người lái xe được hiểu như thế nào trong các khái niệm dưới đây?', '', '1. Là người điều khiển xe cơ giới', '2. Là người điều khiến xe thô sơ.', '3. Là người điều khiển xe có súc vật kéo.', '', 'a', '1', '1', '6'),
(7, 'Đường mà trên đó phương tiện tham gia giao thông được các phương tiện giao thông đến từ hướng khác nhường đường khi qua nơi đường giao nhau, được cảm biển báo hiệu đường ưu tiên là loại đường gì?', '', '1. Đường không ưu tiên.', '2. Đường tỉnh lộ.', '3. Đường quốc lộ.', '4. Đường ưu tiên.', 'd', '1', '1', '8'),
(8, 'Khái niệm “phương tiện giao thông cơ giới đường bộ” được hiểu thế nào là đúng?', '', '1. Gồm xe ô tô; máy kéo; xe mô tô hai bánh; xe mô tô ba bánh; xe gắn máy; xe cơ giới dùng cho người khuyết tật và xe máy chuyên dùng.', '2. Gồm xe ô tô; máy kéo; rơ moóc hoặc sơ mi rơ moóc được kéo bởi xe ô tô, máy kéo; xe mô tô hai bánh; xe mô tô ba bánh, xe gắn máy (kể cả xe máy điện) và các loại xe tương tự.', '', '', 'b', '1', '1', '4'),
(9, 'Khái niệm “phương tiện giao thông thô sơ đường bộ” được hiểu thế nào là đúng?', '', '1. Gồm xe đạp (kể cả xe đạp máy, xe đạp điện), xe xích lô, xe lăn dùng cho người khuyết tật, xe súc vật kéo và các loại xe tương tự.', '2. Gồm xe đạp (kể cả xe đạp máy, xe đạp điện), xe gắn máy, xe cơ giới dùng cho người khuyết tật và xe máy chuyên dùng.', '3. Gồm xe ô tô, máy kéo, rơ moóc hoặc sơ mỉ rơ moóc được kéo bởi xe ô tô, máy kéo.', '', 'a', '1', '1', '9'),
(10, '“Phương tiện tham gia giao thông đường bộ” gồm những loại nào?', '', '1. Phương tiện giao thông cơ giới đường bộ.', '2. Phương tiện giao thông thô sơ đường bộ và xe máy chuyên dùng.', '3.cả ý 1 và ý 2.', '', 'c', '1', '1', '8'),
(11, 'Hành vi nào dưới đây bị nghiêm cấm?', '', '1. Đỗ xe trên đường phố', '2. Sử dụng xe đạp đi trên các tuyến quốc lộ có tốc độ cao.', '3. Làm hỏng (cố ý) cọc tiêu, gương cầu, dải\nphân cách.', '4. Sử dụng còi và quay đầu xe trong khu dân cư.', 'c', '1', '1', '9'),
(12, 'Hành vi đưa xe cơ giới, xe máy chuyên dùng không bảo đảm tiêu chuẩn an toàn kỹ thuật và bảo vệ môi trường vào tham gia giao thông đường bộ có bị nghiêm cấm hay không?', '', '1. Không nghiêm cấm.', '2. Bị nghiêm cấm.', '3. Bị nghiêm cấm tùy theo các tuyến đường.', '4. Bị nghiêm cấm tuỳ theo loại xe.', 'b', '1', '1', '5'),
(13, 'Cuộc đua xe chỉ được thực hiện khi nào?', '', '1. Diễn ra trên đường phố không có người qua lại.', '2. Được người dân ủng hộ.', '3. Được cơ quan có thẩm quyền cấp phép.', '', 'c', '1', '1', '10'),
(14, 'Người điều khiển phương tiện giao thông đường bộ mà trong cơ thể có chất ma túy có bị nghiêm cấm hay không?', '', '1. Bị nghiêm cấm.', '2. Không bị nghiêm cấm.', '3. Không bị nghiêm cấm, nếu có chất ma túy ở mức nhẹ, có thể điều khiển phương tiện tham gia giao thông.', '', 'a', '1', '1', '1'),
(15, 'Việc lái xe mô tô, ô tô, máy kéo ngay sau khi uống rượu, bia có được phép hay không?', '', '1. Không được phép.', '2. Chỉ được lái ở tốc độ chậm và quãng đường ngắn.', '3. Chỉ được lái nếu trong cơ thể có nồng độ cồn thấp.', '', 'a', '1', '1', '4'),
(16, 'Người điều khiển xe ô tô, mô tô, máy kéo trên đường mà trong máu hoặc hơi thở có nồng độ cồn có bị nghiêm cấm không?', '', '1. Bị nghiêm cấm.', '2. Không bị nghiêm cấm.', '3. Không bị nghiêm cấm, nếu nồng độ cồn trong máu ở mức nhẹ, có thể điều khiển phương tiện tham gia giao thông.', '', 'a', '1', '1', '10'),
(17, 'Sử dụng rượu, bia khi lái xe, nếu bị phát hiện thì bị xử lý như thế nào?', '', '1. Chỉ bị nhắc nhở.', '2. Bị xử phạt hành chính hoặc có thể bị xử lý hình sự tùy theo mức độ vi phạm.', '3. Không bị xử lý hình sự.', '', 'b', '1', '1', '8'),
(18, 'Theo Luật phòng chống tác hại của rượu, bia, đối tượng nào dưới đây bị cấm sử dụng rượu, bia khi tham gia giao thông?', '', '1. Người điều khiển: Xe ô tô, xe mô tô, xe đạp, xe gắn máy.', '2. Người ngồi phía sau người điều khiển xe cơ giới.', '3. Người đi bộ.', '4.Cả ý 1 và ý 2.', 'a', '1', '1', '1'),
(19, 'Hành vi giao xe cơ giới, xe máy chuyên dùng cho người không đủ điều kiện để điều khiển xe tham gia giao thông có được phép hay không?', '', '1. Chỉ được thực hiện nếu đã hướng dẫn đầy đủ.', '2. Không được phép.', '3. Được phép tùy từng trường hợp.', '4. Chỉ được phép thực hiện với thành viên trong gia đình.', 'b', '1', '1', '2'),
(20, 'Hành vi điều khiển xe cơ giới chạy quá tốc độ quy định, giành đường, vượt ẩu có bị nghiêm cấm hay không?', '', '1. Bị nghiêm cấm tùy từng trường hợp.', '2. Không bị nghiêm cấm.', '3. Bị nghiêm cấm.', '', 'c', '1', '1', '5'),
(21, 'Khi lái xe trên đường, người lái xe cần quan sát và bảo đảm tốc độ phương tiện như thế nào?', '', '1. Chỉ lớn hơn tốc độ tối đa cho phép khi đường vắng.', '2. Chỉ lớn hơn tốc độ tối đa cho phép vào ban đêm.', '3. Không vượt quá tốc độ cho phép.', '', 'c', '1', '1', '6'),
(22, 'Phương tiện giao thông đường bộ di chuyển với tốc độ thấp hơn phải đi như thế nào?', '', '1. Đi về phía bên trái.', '2. Đi về phía bên phải.', '3. Đi ở giữa.', '', 'b', '1', '1', '7'),
(23, 'Trên đường có nhiều làn đường, khi điêu khiển phương tiện ở tốc độ chậm bạn phải đi ở làn đường nào?', '', '1. Đi ở làn bên phải trong cùng.', '2. Đi ở làn phía bên trái.', '3. Đi ở làn giữa.', '4. Đi ở bất cứ làn nào nhưng phải bấm đèn cảnh báo nguy hiểm để báo hiệu cho các phương tiện khác.', 'a', '1', '1', '11'),
(24, 'Hành vi vượt xe tại các vị trí có tâm nhìn hạn chế, đường vòng, đầu dốc có bị nghiêm cấm hay không?', '', '1. Không bị nghiêm cấm.', '2. Không bị nghiêm cấm khi rất vội.', '3. Bị nghiêm cấm.', '4. Không bị nghiêm cấm khi khẩn cấp.', 'c', '1', '1', '9'),
(25, 'Hành vi lắp đặt, sử dụng còi, đèn không đúng thiết kế của nhà sản xuất đối với từng loại xe cơ giới có được phép hay không?', '', '1. Được phép', '2. Không được phép.', '3. Được phép tùy từng trường hợp.', '', 'b', '1', '1', '7'),
(26, 'Việc sản xuất, mua bán, sử dụng biển số xe cơ giới, xe máy chuyên dùng được quy định như thế nào trong Luật Giao thông đường bộ?', '', '1. Được phép sản xuất, sử dụng khi bị mất biển số.', '2. Được phép mua bán, sử dụng khi bị mất biển số.', '3. Nghiêm cấm sản xuất, mua bán, sử dụng trái phép.', '', 'c', '1', '1', '5'),
(27, 'Người lái xe không được vượt xe khác khi gặp trường hợp nào ghi ở dưới đây?', '', '1. Trên cầu hẹp có một làn xe. Nơi đường giao nhau, đường bộ giao nhau cùng mức với đường sắt; xe được quyền ưu tiên đang phát tín hiệu ưu tiên đi làm nhiệm vụ.', '2. Trên cầu có từ 02 làn xe trở lên; nơi đường bộ giao nhau không cùng mức với đường sắt; xe được quyền ưu tiên đang đi phía trước nhưng không phát tín hiệu ưu tiên.', '3. Trên đường có 2 làn đường được phân chia làn bằng vạch kẻ nét đứt.\n', '', 'a', '1', '1', '6'),
(28, 'Ở phần đường dành cho người đi bộ qua đường, trên cầu, đầu cầu, đường cao tốc, đường hẹp, đường dốc, tại nơi đường bộ giao nhau cùng mức với đường sắt có được quay đầu xe hay không?', '', '1. Được phép.', '2. Không được phép.', '3. Tùy từng trường hợp.', '', 'b', '1', '1', '1'),
(29, 'Người lái xe không được quay đầu xe trong các trường hợp nào dưới đây?', '', '1. Ở phần đường dành cho người đi bộ qua đường, trên cầu, đầu cầu, đường cao tốc, đường hẹp, đường dốc, tại nơi đường bộ giao nhau cùng mức với đường sắt.', '2. Ở phía trước hoặc phía sau của phần đường dành cho người đi bộ qua đường, trên đường quốc lộ, tại nơi đường bộ giao nhau không cùng mức với đường sắt.', '3.Cả ý 1 và ý 2.', '', 'a', '1', '1', '1'),
(30, 'Người điều khiển phương tiện giao thông trên đường phố có được dừng xe, đỗ xe trên miệng cống thoát nước, miệng hầm của đường điện thoại, điện cao thế, chỗ dành riêng cho xe chữa cháy lấy nước hay không?', '', '1. Được dừng xe, đỗ xe trong trường hợp cần thiết.', '2. Không được dừng xe, đỗ xe.', '3. Được dừng xe, không được đỗ xe.', '', 'b', '1', '1', '8'),
(31, 'Người điều khiển xe mô tô hai bánh, ba bánh, xe gắn máy có được phép sử dụng xe để kéo hoặc đẩy các phương tiện khác khi tham gia giao thông không?', '', '1. Được phép.', '2. Nếu phương tiện được kéo, đẩy có khối lượng nhỏ hơn phương tiện của mình.', '3. Tùy trường hợp.', '4. Không được phép.', 'd', '1', '1', '4'),
(32, 'Khi điều khiển xe mô tô hai bánh, xe mô tô ba bánh, xe gắn máy, những hành vi buông cả hai tay; sử dụng xe để kéo, đẩy xe khác, vật khác; sử dụng chân chống của xe quệt xuống đường khi xe đang chạy có được phép hay không?', '', '1. Được phép.', '2. Tùy trường hợp.', '3. Không được phép.', '', 'c', '1', '1', '3'),
(33, 'Khi điều khiển xe mô tô hai bánh, xe mô tô ba bánh, xe gắn máy, những hành vi nào không được phép?', '', '1. Buông cả hai tay; sử dụng xe để kéo, đẩy xe khác, vật khác; sử dụng chân chống của xe quệt xuống đường khi xe đang chạy.', '2. Buông một tay; sử dụng xe để chở người hoặc hàng hoá; để chân chạm xuống đất khi khởi hành.', '3. Đội mũ bảo hiểm; chạy xe đúng tốc độ quy định và chấp hành đúng quy tắc giao thông đường bộ.', '4. Chở người ngồi sau dưới 16 tuổi.', 'a', '1', '1', '6'),
(34, 'Người ngồi trên xe mô tô hai bánh, ba bánh, xe gắn máy khi tham gia giao thông có được mang, vác vật cồng kềnh hay không?', '', '1. Được mang, vác tùy trường hợp cụ thể.', '2. Không được mang, vác.', '3. Được mang, vác nhưng phải đảm bảo an toàn.', '4. Được mang vác tùy theo sức khỏe của bản thân.', 'b', '1', '1', '11'),
(35, 'Người ngồi trên xe mô tô hai bánh, xe mô tô ba bánh, xe gắn máy khi tham gia giao thông có được bám, kéo hoặc đẩy các phương tiện khác không?', '', '1. Được phép.\n', '2. Được bám trong trường hợp phương tiện của mình bị hỏng.', '3. Được kéo, đẩy trong trường hợp phương tiện khác bị hỏng.', '4. Không được phép.', 'd', '1', '1', '2'),
(36, 'Người ngồi trên xe mô tô hai bánh, xe mô tô ba bánh, xe gắn máy khi tham gia giao thông có được sử dụng ô khi trời mưa hay không?', '', '1. Được sử dụng.', '2. Chỉ người ngồi sau được sử dụng.', '3. Không được sử dụng.', '4. Được sử dụng nếu không có áo mưa.', 'c', '1', '1', '10'),
(37, 'Khi đang lên dốc người ngôi trên xe mô tô có được phép kéo theo người đang điều khiển xe đạp hay không?', '', '1. Chỉ được phép nếu cả hai đội mũ bảo hiểm.', '2. Không được phép.', '3. Chỉ được phép thực hiện trên đường thật vắng.', '4. Chỉ được phép khi người đi xe đạp đã quá mệt.', 'b', '1', '1', '3'),
(38, 'Hành vi sử dụng xe mô tô để kéo, đẩy xe mô tô khác bị hết xăng đến trạm mua xăng có được phép hay không?', '', '1. Chỉ được kéo nếu đã nhìn thấy trạm xăng.', '2. Chỉ được thực hiện trên đường vắng phương tiện cùng tham gia giao thông.', '3. Không được phép.', '', 'c', '1', '1', '5'),
(39, 'Hành vi vận chuyển đồ vật công kênh bằng xe mô tô, xe gắn máy khi tham gia giao thông có được phép hay không?', '', '1. Không được vận chuyển.\n', '2. Chỉ được vận chuyển khi đã chẳng buộc cẩn thận.\n', '3. Chỉ được vận chuyển vật cồng kềnh trên xe máy nếu khoảng cách về nhà ngắn hơn 2 km.', '', 'a', '1', '1', '3'),
(40, 'Trên đường giao thông, khi hiệu lệnh của người điều khiển giao thông trái với hiệu lệnh của đèn hoặc biển báo hiệu thì người tham gia giao thông phải chấp hành theo hiệu lệnh nào?', '', '1. Hiệu lệnh của người điều khiển giao thông.', '2. Hiệu lệnh của đèn điều khiển giao thông.', '3. Hiệu lệnh của biển báo hiệu đường bộ.', '4. Theo quyết định của người tham gia giao thông nhưng phải bảo đảm an toàn.', 'a', '1', '1', '9'),
(41, 'Người lái xe phải làm gì khi quay đầu xe trên cầu, đường ngầm hay khu vực đường bộ giao nhau cùng mức với đường sắt?', '', '1. Không được quay đầu xe.', '2. Lợi dụng chỗ rộng và phải có người làm tín hiệu sau xe để bảo đảm an toàn.', '3. Lợi dụng chỗ rộng có thể quay đầu được để quay đầu xe cho an toàn.', '', 'a', '1', '2', '3'),
(42, 'Trên đoạn đường bộ giao nhau cùng mức với đường sắt, cầu đường bộ đi chung với đường sắt thì loại phương tiện nào được quyền ưu tiên đi trước?', '', '1. Phương tiện nào bên phải không vướng.', '2. Phương tiện nào ra tín hiệu xin đường trước.', '3. Phương tiện giao thông đường sắt.', '', 'c', '1', '1', '11'),
(43, 'Người lái xe phải làm gì khi điều khiển xe vào đường cao tốc?', '', '1. Phải có tín hiệu xin vào và phải nhường đường cho xe đang chạy trên đường; khi thấy an toàn mới cho xe nhập vào dòng xe ở làn đường sát mép ngoài; nếu có làn đường tăng tốc thì phải cho xe chạy trên làn đường đó trước khi vào làn đường của đường cao tốc.', '2. Phải có tín hiệu xin vào và phải nhanh chóng vượt xe đang chạy trên đường để nhập vào dòng xe ở làn đường sát mép ngoài; nếu có làn đường tăng tốc thì phải cho xe chạy qua làn đường đó để vào làn đường của đường cao tốc.2. Phải có tín hiệu xin vào và phải nhanh chóng vượt xe đang chạy trên đường để nhập vào dòng xe ở làn đường sát mép ngoài; nếu có làn đường tăng tốc thì phải cho xe chạy qua làn đường đó để vào làn đường của đường cao tốc.', '', '', 'a', '1', '1', '7'),
(44, 'Người ngôi trên xe mô tô 2 bánh, xe gắn máy phải đội mũ bảo hiểm có cài quai đúng quy cách khi nào?', '', '1. Khi tham gia giao thông đường bộ.', '2. Chỉ khi đi trên đường chuyên dùng; đường cao tốc.', '3. Khi tham gia giao thông trên đường tỉnh lộ hoặc quốc lộ.', '', 'a', '1', '1', '3'),
(45, 'Người điều khiển xe mô tô hai bánh, xe gắn máy có được đi xe dàn hàng ngang; đi xe vào phần đường dành cho người đi bộ và phương tiện khác; sử dụng ô, điện thoại di động, thiết bị âm thanh (trừ thiết bị trợ thính) hay không?', '', '1. Được phép nhưng phải đảm bảo an toàn.', '2. Không được phép.', '3. Được phép tùy từng hoàn cảnh, điều kiện cụ thể.', '', '2', '1', '1', '1'),
(46, 'Khi gặp một đoàn xe, một đoàn xe tang hay gặp một đoàn người có tổ chức theo đội ngũ, người lái xe phải xử lý như thế nào?', '', '1. Từ từ đi cắt qua đoàn người, đoàn xe.', '2. Không được cắt ngang qua đoàn người, đoàn xe.', '3. Báo hiệu từ từ cho xe đi cắt qua để bảo đảm an toàn.', '', 'b', '1', '1', '11'),
(47, 'Khi lái xe trên đường vắng mà cảm thấy buồn ngủ, người lái xe nên chọn cách xử lý như thế nào cho phù hợp?', '', '1. Tăng tốc độ kết hợp với nghe nhạc và đi tiếp.', '2. Quan sát và dừng xe tại nơi quy định; nghỉ cho đến khi hết buồn ngủ và đi tiếp.', '3. Sử dụng một ít rượu hoặc bia để hết buồn ngủ và đi tiếp.', '', 'b', '1', '3', '4'),
(48, 'Trên đường cao tốc, người lái xe xử lý như thế nào khi đã vượt quá lối ra của đường định rẽ?', '', '1. Quay xe, chạy trên lề đường bên phải và rẽ khỏi đường cao tốc.', '2. Lùi xe sát lề đường bên phải và rẽ khỏi đường cao tốc.', '3. Tiếp tục chạy đến lối ra tiếp theo.', '', 'c', '1', '3', '11'),
(49, 'Tại các điểm giao cắt giữa đường bộ và đường sắt, quyền ưu tiên thuộc về loại phương tiện nào dưới đây?', '', '1. Xe cứu hỏa.', '2. Xe cứu thương.', '3. Phương tiện giao thông đường sắt.', '4. Ô tô, mô tô và xe máy chuyên dùng.', 'c', '1', '1', '8'),
(50, 'Trên đoạn đường bộ giao nhau đồng mức với đường sắt, người không có nhiệm vụ có được tự ý mở chắn đường ngang khi chắn đã đóng hay không?', '', '1. Không được phép.', '2. Được phép nhưng phải đảm bảo an toàn.', '3. Được phép tùy từng hoàn cảnh và điều kiện cụ thể.', '', 'a', '1', '1', '6'),
(51, 'Khi điều khiển phương tiện tham gia giao thông, những hành vi nào dưới đây bị nghiêm cấm?', '', '1. Thay đổi tốc độ của xe trên đường bộ.', '2. Thay đổi tay số của xe trên đường bộ.', '3. Lạng lách, đánh võng trên đường bộ.', '', 'c', '1', '1', '7'),
(52, 'Khi xe ô tô, mô tô đến gần vị trí giao nhau giữa đường bộ và đường sắt không có rào chắn, khi đèn tín hiệu màu đỏ đã bật sáng hoặc khi có tiếng chuông báo hiệu, người lái xe xử lý như thế nào?', '', '1. Giảm tốc độ cho xe vượt qua đường sắt.', '2. Nhanh chóng cho xe vượt qua đường sắt trước khi tàu hỏa tới.', '3. Giảm tốc độ cho xe vượt qua đường sắt trước khi tàu hỏa tới.', '4. Cho xe dừng ngay lại và giữ khoảng cách tối thiểu 5 mét tính từ ray gần nhất.', 'd', '1', '1', '2'),
(53, 'Khi muốn lùi xe nhưng không quan sát được phía sau, cần phải làm gì để đảm bảo an toàn?', '', '1. Phải lùi thật chậm.', '2. Có thể được lùi xe nhưng phải mở cửa xe.', '3. Không được lùi xe.', '4. Bấm còi 3 lần liên tiếp trước khi lùi.', 'c', '1', '1', '5'),
(54, 'Người điều khiển phương tiện tham gia giao thông đường bộ phải giảm tốc độ để có thể dừng lại một cách an toàn trong các trường hợp nào dưới đây?', '', '1. Khi có người đi bộ, xe lăn của người khuyết tật qua đường; đến gần bến xe buýt, điểm dừng đỗ xe có khách đang lên, xuống xe.', '2. Khi điều khiển phương tiện đi qua khu vực trạm kiểm soát tải trọng xe, trạm cảnh sát giao thông, trạm giao dịch thanh toán đối với các phương tiện sử dụng đường bộ.', '3.Cả ý 1và ý 2.', '', 'c', '1', '1', '10'),
(55, 'Khi xe gặp sự cố kỹ thuật trên đường cao tốc, bạn phải xử lý theo thứ tự như thế nào dưới đây để đảm bảo an toàn giao thông?', '', '1. Bật đèn tín hiệu khẩn cấp, dừng xe ngay lập tức và đặt biển báo hiệu nguy hiểm để cảnh báo cho các xe khác.', '2. Bật đèn tín hiệu khẩn cấp, lập tức đưa xe vào làn đường xe chạy bên phải trong cùng, đặt biển báo hiệu nguy hiểm để cảnh báo cho các xe khác.', '3. Bật đèn tín hiệu khẩn cấp, khi đủ điều kiện an toàn nhanh chóng đưa xe vào làn dừng đỗ khẩn cấp, đặt biển báo hiệu nguy hiểm để cảnh báo cho các xe khác', '', 'c', '1', '2', '2'),
(56, '“Người tham gia giao thông đường bộ” gồm những đối tượng nào?', '', '1. Người điều khiển, người sử dụng phương tiện tham gia giao thông đường bộ.', '2. Người điều khiển, dẫn dắt súc vật; người đi bộ trên đường bộ.', '3. Cả ý 1 và ý 2.', '', 'c', '', '1', '3'),
(57, 'Người điều khiển phương tiện tham gia giao thông đường bộ” gồm những đối tượng nào dưới đây?', '', '1. Người điều khiển xe cơ giới, người điều khiển xe thô sơ.', '2. Người điều khiển xe máy chuyên dùng tham gia giao thông đường bộ.', '3. Cả ý 1 và ý 2', '', 'c', '', '1', '5'),
(58, 'Khái niệm “người điều khiển giao thông” được hiểu như thế nào là đúng?', '', '1. Là người điều khiển phương tiện tham gia giao thông tại nơi thi công, nơi ùn tắc giao thông, ở bến phà, tại cầu đường bộ đi chung với đường sắt.', '2. Là cảnh sát giao thông, người được giao nhiệm vụ hướng dẫn giao thông tại nơi thi công, nơi ùn tắc giao thông, ở bến phà, tại cầu đường bộ đi chung với đường sắt.', '3. Là người tham gia giao thông tại nơi thi công, nơi ùn tắc giao thông, ở bến phà, tại cầu đường bộ đi chung với đường sắt.', '', 'b', '', '1', '7'),
(59, 'Trong các khái niệm dưới đây khái niệm “dừng xe” được hiểu như thế nào là đúng?', '', '1. Là trạng thái đứng yên của phương tiện giao thông không giới hạn thời gian để cho người lên, xuống phương tiện, xếp dỡ hàng hóa hoặc thực hiện công việc khác.', '2. Là trạng thái đứng yên tạm thời của phương tiện giao thông trong một khoảng thời gian cần thiẽ! đủ để cho người lên, xuống phương tiện, xếp dỡ hàng hóa hoặc thực hiện công việc khác.', '3. Là trạng thái đứng yên của phương tiện giao thông không giới hạn thời gian giữa 02 lần vận chuyển hàng hóa hoặc hành khách.', '', 'b', '', '1', '10'),
(60, 'Khái niệm “đồ xe” được hiểu như thế nào là đúng quy tắc giao thông?', '', '1. Là trạng thái đứng yên của phương tiện giao thông có giới hạn trong một khoảng thời gian cần thiết đủ để cho người lên, xuống phương tiện đó, xếp dỡ hàng hóa hoặc thực hiện công việc khác.', '2. Là trạng thái đứng yên của phương tiện giao\nthông không giới hạn thời gian.', '', '', 'b', '', '1', '10'),
(61, 'Khái niệm “đường cao tốc” được hiểu như thế nào là đúng?', '', '1. Đường dành riêng cho xe ôtô và một số loại xe chuyên dùng được phép đi vào theo quy định của Luật Giao thông đường bộ.', '2. Có dải phân cách phân chia đường cho xe chạy hai chiều riêng biệt mà dải phân cách này xe không đi được lên trên; không giao nhau cùng mức với một hoặc một số đường khác.', '3. Được bố trí đầy đủ trang thiết bị phục vụ, bảo đảm giao thông liên tục, an toàn, rút ngắn thời gian hành trình và chỉ cho xe ra, vào ở những điểm nhất định.', '4. Tất cả các ý trên.', 'd', '', '1', '11'),
(62, 'Khi lái xe trong khu đô thị và đông dân cư trừ các khu vực có biển cấm sử dụng còi, người lái xe được sử dụng còi như thế nào trong các trường hợp dưới đây?', '', '1. Từ 22 giờ đêm đến 5 giờ sáng.', '2. Từ 5 giờ sáng đến 22 giờ tối.', '3.  Từ 23 giờ đêm đến 5 giờ sáng hôm sau.', '', 'b', '', '1', '3'),
(63, 'Người lái xe sử dụng đèn như thế nào khi lái xe trong khu đô thị và đông dân cư vào ban đêm?', '', '1. Bất cứ đèn nào miễn là mắt nhìn rõ phía trước.', '2. Chỉ bật đèn chiếu xa (đèn pha) khi không nhìn rõ đường.', '3. Đèn chiếu xa (đèn pha) khi đường vắng, đèn pha chiếu gần (đèn cốt) khi có xe đi ngược\nchiều.', '4. Đèn chiếu gần (đèn cốt).', 'd', '', '1', '5'),
(64, 'Trong trường hợp đặc biệt, để được lắp đặt, sử dụng còi, đèn khác thiết kế của nhà sản xuất đối với từng loại xe cơ giới bạn phải đảm bảo yêu cầu nào dưới đây?', '', '1. Phải đảm bảo phụ tùng do đúng nhà sản xuất đó cung cấp.', '2. Phải được chấp thuận của cơ quan có thẩm quyền.', '3. Phải là xe đăng ký và hoạt động tại các khu vực có địa hình phức tạp.', '', 'b', '', '1', '1'),
(65, 'Bạn đang lái xe phía trước có một xe cảnh sát giao hông không phát tín hiệu ưu tiên bạn có được phép vượt hay không?', '', '1. Không được vượt.', '2. Được vượt khi đang đi trên cầu.', '3. Được phép vượt khi đi qua nơi giao nhau có ít phương tiện cùng tham gia giao thông.', '4. Được vượt khi đảm bảo an toàn.', 'd', '', '1', '10'),
(66, 'Bạn đang lái xe phía trước có một xe cứu thương đang phát tín hiệu ưu tiên bạn có được phép vượt hay không?', '', '1. Không được vượt.', '2. Được vượt khi đang đi trên cầu.', '3. Được phép vượt khi đi qua nơi giao nhau có ít phương tiện cùng tham gia giao thông.', '4. Được vượt khi đảm bảo an toàn.', 'a', '', '1', '8'),
(67, 'Bạn đang lái xe trong khu dân cư, có đông xe qua lại, nếu muốn quay đầu xe bạn cần làm gì để tránh ùn tắc và đảm bảo an toàn giao thông?', '', '1. Đi tiếp đến điểm giao cắt gần nhất hoặc nơi có biển báo cho phép quay đầu xe.', '2. Bấm đèn khẩn cấp và quay đầu xe từ từ bảo đảm an toàn.', '3. Bấm còi liên tục khi quay đầu xe để cảnh báo các xe khác.', '4. Nhờ một người ra hiệu giao thông trên đường chậm lại trước khi quay đầu.', 'a', '', '1', '3'),
(68, 'Người lái xe không được lùi xe ở những khu vực nào dưới đây?', '', '1. Ở khu vực cho phép đỗ xe.', '2. Ở khu vực cấm dừng và trên phần đường dành cho người đi bộ qua đường.', '3. Nơi đường bộ giao nhau, đường bộ giao nhau cùng mức với đường sắt, nơi tầm nhìn bị che khuất, trong hầm đường bộ, đường cao tốc.', '4.cả ý 2 và ý 3.', 'd', '', '1', '5'),
(69, 'Khi xe đã kéo 1 xe hoặc xe đã kéo 1 rơ moóc, bạn có được phép kéo thêm xe (kể cả xe thô sơ) hoặc rơ moóc thứ hai hay không?', '', '1. Chỉ được thực hiện trên đường quốc lộ có hai làn xe một chiều.', '2. Chỉ được thực hiện trên đường cao tốc.', '3. Không được thực hiện vào ban ngày.', '4. Không được phép.', 'd', '', '1', '1'),
(70, 'Người đủ bao nhiêu tuổi trở lên thì được điêu khiển xe ô tô tải, máy kéo có trọng tải từ 3.500 kg trở lên; xe hạng B2 kéo rơ moóc (FB2)?', '', '1.19 tuổi.', '2. 21 tuổi.', '3. 20tuổi.', '', 'b', '', '1', '4'),
(71, 'Người đủ bao nhiêu tuổi trở lên thì được điều khiển xe mô tô hai bánh, xe mô tô ba bánh có dung tích xi lanh từ 50 cm3 trở lên và các loại xe có kếtcấu tương tự; xe ô tô tải, máy kéo có trọng tải dưới 3.500 kg; xe ô tô chở người đến 9 chỗ ngồi?', '', '1.16 tuổi.', '2. 18 tuổi.', '3. 17 tuổi.', '', 'b', '', '1', '9'),
(72, 'Người lái xe ô tô chở người trên 30 chỗ ngồi (hạng E), lái xe hạng D kéo rơ moóc (FD) phải đủ bao nhiêu tuổi trở lên?', '', '1. 23 tuổi.', '2. 24 tuổi.', '3. 27 tuổi.', '4. 30 tuổi.', 'c', '', '1', '7'),
(73, 'Tuổi tối đa của người lái xe ô tô chở người trên 30 chỗ ngồi (hạng E) là bao nhiêu tuổi?', '', '1. 55 tuổi đối với nam và 50 tuổi đối với nữ.', '2. 55 tuổi đối với nam và nữ.', '3. 60 tuổi đối với nam và 55 tuổi đối với nữ.', '4. 45 tuổi đối với nam và 40 tuổi đối với nữ.', 'a', '', '1', '1'),
(74, 'Người lái xe chở người từ 10 đến 30 chỗ ngôi (hạng D), lái xe hạng C kéo rơ moóc (FC) phải đủ bao nhiêu tuổi trở lên?', '', '1.23 tuổi.', '2.24 tuổi.', '3.22 tuổi.', '4. 18 tuổi.', 'b', '', '1', '10'),
(75, 'Người đủ 16 tuổi được điều khiển các loại xe nào dưới đây?\n', '', '1 . Xe mô tô 2 bánh có dung tích xi-lanh từ 50 cm3 trở lên.', '2. Xe gắn máy có dung tích xi-lanh dưới 50 cm3.', '3. Xe ô tô tải dưới 3.500 kg; xe chở người đến 9 chỗ ngồi.', '4. Tất cả các ý nêu trên.', 'b', '', '1', '9'),
(76, 'Người có giấy phép lái xe mô tô hạng A1 không được phép điều khiển loại xe nào dưới đây?', '', '1. Xe mô tô có dung tích xi-lanh 125 cm3.', '2. Xe mô tô có dung tích xi-lanh từ 175 cm3 trở lên.', '3. Xe mô tô có dung tích xi-lanh 100 cm3.', '', 'b', '', '1', '11'),
(77, 'Người có giấy phép lái xe mô tô hạng A1 được phép điều khiển loại xe nào dưới đây?', '', 'Xe mô tô có dung tích xi-lanh từ 50 cm3 đến dưới 175 cm3.', '2. Xe mô tô ba bánh dành cho người khuyết tật.', '3. Cả ý 1và ý 2.', '', 'c', '', '1', '4'),
(78, 'Người có giấy phép lái xe mô tô hạng A2 được phép điều khiển loại xe nào dưới đây?', '', '1. Xe mô tô ba bánh.', '2. Xe mô tô hai bánh có dung tích xi lanh từ 175 cm3 trở lên và các loại xe quy định cho giấy phép lái xe hạng A1.', '3. Các loại máy kéo nhỏ có trọng tải đến 1.000 kg.', '', 'b', '', '1', '6'),
(79, 'Người có giấy phép lái xe mô tô hạng A3 được phép điều khiển loại xe nào dưới đây?', '', '1. Xe mô tô ba bánh.', '2. Xe mô tô hai bánh có dung tích xi lanh từ 175\ncm3 trở lên.', '3. Các loại máy kéo nhỏ có trọng tải đến 1.000\nkg', '', 'a', '', '1', '11'),
(80, 'Người có giấy phép lái xe hạng B1 số tự động được điều khiển loại xe nào?', '', '1. Ô tô số tự động chở người đến 9 chỗ ngồi, kể cả chỗ ngồi cho người lái xe; ô tô tải, kể cả ô tô tải chuyên dùng số tự động có trọng tải thiết kế dưới 3.500 kg; ô tô dùng cho người khuyết tật. Không được hành nghề lái xe.', '2. Ô tô số tự động chở người đến 9 chỗ ngồi, kể cả chỗ ngồi cho người lái xe; ô tô tải, kể cả ô tô tải chuyên dùng số tự động có trọng tải thiết kế dưới 3.500 kg; ô tô dùng cho người khuyết tật. Được hành nghề lái xe kinh doanh vận tải.', '3. Ô tô chở người đến 9 chỗ ngồi, kể cả chỗ ngồi cho người lái xe; ô tô tải, kể cả ô tô tải chuyên dùng có trọng tải thiết kế dưới 3.500 kg; ô tô dùng cho người khuyết tật.', '', 'a', '', '1', '2'),
(81, 'Người có giấy phép lái xe hạng B1 được điều khiển loại xe nào?', '', '1. Ô tô chở người đến 9 chỗ ngồi, kể cả chỗ ngồi cho người lái xe; ô tô tải, kể cả ô tô tải chuyên dùng có trọng tải thiết kế dưới 3.500 kg; máy kéo kéo một rơ moóc có trọng tải thiết kế dưới 3.500 kg. Được hành nghề lái xe.', '2. Ô tô chở người đến 9 chỗ ngồi, kể cả chỗ ngồi cho người lái xe; ô tô tải, kể cả ô tô tải chuyên dùng có trọng tải thiết kế dưới 3.500 kg; máy kéo kéo một rơ moóc có trọng tải thiết kế dưới 3.500 kg. Không hành nghề lái xe.', '3. Ô tô số tự động chở người đến 9 chỗ ngồi, kể cả chỗ ngồi cho người lái xe; ô tô tải, kể cả ô tô tải chuyên dùng số tự động có trọng tải thiết kế\ntrên 3.500 kg; ô tô dùng cho người khuyết tật.', '', 'b', '', '1', '3'),
(82, 'Người có giấy phép lái xe hạng B2 được điều khiển loại xe nào?', '', '1. Xe ô tô chở người trên 9 chỗ ngồi; xe ô tô tải; máy kéo có trọng tải trên 3.500 kg.', '2. Xe ô tô chở người đến 9 chỗ ngồi; xe ô tô tải; máy kéo có trọng tải dưới 3.500 kg.', '3. Xe ô tô chở người từ 10 đến 30 chỗ ngồi; xe ô tô tải; máy kéo có trọng tải trên 3.500 kg.', '', 'b', '', '1', '6'),
(83, 'Người có giấy phép lái xe hạng C được điều khiển loại xe nào?', '', '1. Xe ô tô chở người trên 9 chỗ ngồi; xe ô tô tải; máy kéo có trọng tải trên 3.500 kg.', '2. Xe ô tô chở người từ 10 đến 30 chỗ ngồi; xe ô tô tải; máy kéo có trọng tải trên 3.500 kg.', '3. Xe ô tô chở người đến 9 chỗ ngồi; xe ô tô tải; máy kéo có trọng tải trên 3.500 kg.', '', 'c', '', '1', '3'),
(84, 'Người có giấy phép lái xe hạng D được điều khiển loại xe nào dưới đây?', '', 'Xe ô tô chở người đến 30 chỗ ngồi, kể cả chỗ ngồi cho người lái xe; xe ô tô tải, máy kéo có trọng tải trên 3.500 kg.', '2. Xe ô tô chở người trên 30 chỗ ngồi; xe ô tô tải, máy kéo có trọng tải trên 3.500 kg.', '3. Xe kéo rơ moóc, ô tô đầu kéo kéo sơ mỉ rơ moóc và được điều khiển các loại xe theo quy định cho giấy phép lái xe hạng B1, B2, C và FB2.\n', '', 'a', '', '1', '7'),
(85, 'Người có giấy phép lái xe hạng E được điều khiển loại xe nào dưới đây?', '', '1. Xe kéo rơ moóc, ô tô đầu kéo kéo sơ mi rơ moóc và được điều khiển các loại xe theo quy định cho giấy phép lái xe hạng B1, B2, C và FB2.', '2. Xe ô tô chở người trên 30 chỗ ngồi; xe ô tô tải, máy kéo có trọng tải trên 3.500 kg.', '3. Xe kéo rơ moóc và được điều khiển các loại xe; ô tô chở khách nối toa và các loại xe quy định cho giấy phép lái xe hạng B1, B2, C, D, FB2, FD.', '', 'b', '', '1', '5'),
(86, 'Người có giấy phép lái xe hạng FC được điều khiến loại xe nào dưới đây?', '', '1. Các loại xe được quy định tại giấy phép lái xe hạng C có kéo rơ moóc, ô tô đầu kéo kéo sơ mi rơ moóc, ô tô chở khách nối toa và được điều khiển các loại xe quy định cho giấy phép lái xe hạng B1, B2 và FB2.', '2. Các loại xe được quy định tại giấy phép lái xe hạng C có kéo rơ moóc, ô tô đầu kéo kéo sơ mi rơ moóc và được điều khiển các loại xe quy định cho giấy phép lái xe hạng B1, B2 và FB2.', '3. Mô tô hai bánh, các loại xe được quy định tại giấy phép lái xe hạng C có kéo rơ moóc, ô tô đầu kéo kéo sơ mỉ rơ moóc và được điều khiển các loại xe quy định cho giấy phép lái xe hạng B1,B2và FB2.', '4. Tất cả các loại xe nêu trên.', 'b', '', '1', '4'),
(87, 'Biển báo hiệu có dạng hình tròn, viền đỏ, nền trắng, trên nền có hình vẽ hoặc chữ số, chữ viết màu đen là loại biển gì dưới đây?', 'https://cdn.baogiaothong.vn/upload/images/2020-2/article_img/2020-05-23/bien-bao-cam-103a-1590225067-width232height232.jpg', '1. Biển báo nguy hiểm.', '2. Biển báo cấm.', '3. Biển báo hiệu lệnh.', '4. Biển báo chỉ dẫn.', 'b', '', '1', '5'),
(88, 'Biển báo hiệu hình tròn có nên xanh lam có hình vẽ màu trắng là loại biển gì dưới đây?', 'http://bizweb.dktcdn.net/thumb/grande/100/352/036/products/bien-301-a.jpg?v=1600053811687', '1. Biển báo nguy hiểm.', '2. Biển báo cấm.', '3. Biển báo hiệu lệnh phải thi hành.', '4. Biển báo chỉ dẫn.', 'c', '', '1', '8'),
(89, 'Biển báo hiệu hình chữ nhật hoặc hình vuông hoặc hình mũi tên nền xanh lam là loại biển gì dưới đây?', 'https://daotaolaixehd.com.vn/wp-content/uploads/2016/12/bien-chi-dan-410.png', '1. Biển báo nguy hiểm.', '2. Biển báo cấm.', '3. Biển báo hiệu lệnh phải thi hành.', '4. Biển báo chỉ dẫn.', 'd', '', '1', '5'),
(90, 'Khi điều khiển xe chạy trên đường, người lái xe phải mang theo các loại giấy tờ gì?', '', '1. Giấy chứng nhận tốt nghiệp khóa đào tạo của hạng xe đang điều khiển, đăng ký xe, giấy phép lưu hành xe.', '2. Giấy phép lái xe phù hợp với loại xe đó; lệnh vận chuyển, đăng ký xe, giấy chứng nhận kiểm tra chất lượng an toàn kỹ thuật và bảo vệ môi trường của xe cơ giới sau khi cải tạo; giấy phép vận chuyển (nếu loại xe đó cần phải có).', '3. Giấy phép lái xe phù hợp với loại xe đó, đăng ký xe, giấy chứng nhận kiểm định kỹ thuật và bảo vệ môi trường, giấy chứng nhận bảo hiểm trách nhiệm dân sự của chủ xe cơ giới và giấy phép vận chuyển (nếu loại xe đó cần phải có),  các giấy tờ phải còn giá trị sử dụng.', '', 'c', '', '1', '7'),
(91, 'Khi sử dụng giấy phép lái xe đã khai báo mất để điều khiển phương tiện cơ giới đường bộ, ngoài việc bị thu hồi giấy phép lái xe, chịu trách nhiệm trước pháp luật, người lái xe không được cấp giấy phép lái xe trong thời gian bao nhiêu năm?', '', '1.02năm.', '2.03năm.', '3.05năm.', '4. 04 năm.', 'c', '', '1', '9'),
(92, 'Khi gặp hiệu lệnh như dưới đây của cảnh sát giao thông thì người tham gia giao thông phải đi như thế nào là đúng quy tắc giao thông?', 'https://lh3.googleusercontent.com/y92hgWdTjKCG5-J5sqFpdCxKNDDMK4Db3XX9rx8kfcM67hWR8XXTL24G_p0HMJntCaEQvWQ=s112', '1. Người tham gia giao thông ở các hướng phải dừng lại.', '2. Người tham gia giao thông ở các hướng được đi theo chiều gậy chỉ của cảnh sát giao thông.', '3. Người tham gia giao thông ở phía trước và phía sau người điều khiển được đi tất cả các hướng; giao thông ở phía bên phải và phía bên trái người điều khiển phải dừng lại.', '4. Người tham gia giao thông ở phía trước và phía sau người điều khiển phải dừng lại; giao thông ở phía bên phải và bên trái người điều khiển đươc đi tất cả các hướng.', 'd', '', '1', '2'),
(93, 'Khi gặp hiệu lệnh như dưới đây của cảnh sát giao thông thì người tham gia giao thông phải đi như thế nào là đúng quy tắc giao thông?', 'https://lh3.googleusercontent.com/aMM_b5VCw95ToTnO9Toyqu-OB35Gdp207RBa0-AbdVnMk3LIG8XGR8qo6cTIK_0dntqJNA=s85', '1. Người tham gia giao thông ở hướng đối diện cảnh sát giao thông được đi, các hướng khác cần phải dừng lại.', '2. Người tham gia giao thông được rẽ phải theo chiều mũi tên màu xanh ở bục cảnh sát giao thông.', '3. Người tham gia giao thông ở các hướng đều phải dừng lại trừ các xe đã ở trong khu vự giao nhau.3. Người tham gia giao thông ở các hướng đều phải dừng lại trừ các xe đã ở trong khu vự giao nhau.', '4. Người ở hướng đối diện cảnh sát giao thông phải dừng lại, các hướng khác được đi trong đó có bạn.', 'c', '', '1', '2'),
(94, 'Tại nơi có biển báo hiệu cố định lại có báo hiệu tạm thời thì người tham gia giao thông phải chấp hành hiệu lệnh của báo hiệu nào?', '', '1. Biển báo hiệu cố định.', '2. Báo hiệu tạm thời.', '', '', 'b', '', '1', '6'),
(95, 'Trên đường có nhiều làn đường cho xe đi cùng chiều được phân biệt bằng vạch kẻ phân làn đường, người điều khiển phương tiện phải cho xe đi như thế nào?', '', '1. Cho xe đi trên bất kỳ làn đường nào hoặc giữa 02 làn đường nếu không có xe phía trước; khi cần thiết phải chuyển làn đường, người lái xe phải quan sát xe phía trước để bảo đảm an toàn.', '2. Phải cho xe đi trong một làn đường và chỉ\neđược chuyển làn đường ở những nơi cho phép;\nkhi chuyển làn phải có tín hiệu báo trước và\nphải bảo đảm an toàn.', '3. Phải cho xe đi trong một làn đường, khi cần thiểt phải chuyển làn đường, người lái xe phải quan sát xe phía trước để bảo đảm an toàn.', '', 'b', '', '2', '10'),
(96, 'Bạn đang lái xe trong khu vực đô thị từ 22 giờ đến 5 giờ sáng hôm sau và cần vượt một xe khác, bạn cần báo hiệu như thế nào để đảm bảo an toàn giao thông?', '', '1. Phải báo hiệu bằng đèn hoặc còi.', '2. Chỉ được báo hiệu băng còi.', '3. Phải báo hiệu bằng cả còi và đèn.', '4. Chỉ được báo hiệu bằng đèn.', 'd', '', '2', '11'),
(97, 'Khi điều khiển xe chạy trên đường biết có xe sau xin vượt nếu đủ điều kiện an toàn người lái xe phải làm gì?', '', '1 . Tăng tốc độ và ra hiệu cho xe sau vượt, không được gây trở ngại cho xe sau vượt.', '2. Người điều khiển phương tiện phía trước phải giảm tốc độ, đi sát về bên phải của phần\nđường xe chạy cho đến khi xe sau đã vượt qua, không được gây trở ngại cho xe sau vượt.', '3. Cho xe tránh về bên trái mình và ra hiệu cho xe sau vượt; nếu có chướng ngại vật phía trước hoặc thiếu điều kiện an toàn chưa cho vượt được phải ra hiệu cho xe sau biết; cấm gây trở ngại cho xe xin vượt.', '', 'b', '', '2', '10'),
(98, 'Trong khu dân cư, ở nơi nào cho phép người lái xe, người điều khiển xe máy chuyên dùng được quay đầu xe?', '', '1. Ở nơi đường giao nhau và nơi có biển báo cho phép quay đầu xe.', '2. Ở nơi có đường rộng để cho các loại xe chạy một chiều.', '3. Ở bất kỳ nơi nào.', '', 'a', '', '2', '9'),
(99, 'Khi muốn chuyển hướng, người lái xe phải thực hiện như thế nào để đảm bảo an toàn giao thông?', '', '1. Quan sát gương, ra tín hiệu chuyển hướng, quan sát an toàn và chuyển hướng.', '2. Quan sát gương, giảm tốc độ, ra tín hiệu chuyẽn hướng, quan sát an toàn và chuyển hướng.', '3. Quan sát gương, tăng tốc độ, ra tín hiệu và chuyển hướng.', '', 'b', '', '2', '6'),
(100, 'Khi lùi xe người lái xe phải làm gì để bảo đảm an toàn?', '', '1. Quan sát phía trước và cho lùi xe ở tốc độ chậm.', '2. Lợi dụng nơi đường giao nhau đủ chiều rộng để lùi.', '3. Phải quan sát phía sau, có tín hiệu cần thiết và chỉ nào thấy không nguy hiểm mới được lùi.\n', '', 'c', '', '2', '7'),
(101, 'Khi bạn nhìn thấy đèn phía sau xe ô tô có màu sáng trắng, ô tô đó đang trong tình trạng như thế', '', '1 . Đang phanh.', '2. Đang bật đèn sương mù.', '3. Đang chuẩn bị lùi hoặc đang lùi.', '4. Đang bị hỏng động cơ.', 'c', '', '2', '6'),
(102, 'Khi tránh xe đi ngược chiều, các xe phải nhường  đường như thế nào là đúng quy tắc giao thông?', '', '1. Nơi đường hẹp chỉ đủ cho một xe chạy và có chỗ tránh xe thì xe nào ở gần chỗ tránh hơn phải vào vị trí tránh, nhường đường cho xe kia đi.', '2. Xe xuống dốc phải nhường đường cho xe đang lên dốc; xe nào có chướng ngại vật phía trước phải nhường đường cho xe không có chướng ngại vật đi trước.', '3. Xe lên dốc phải nhường đường cho xe xuống dốc; xe nào không có chướng ngại vật phía trước phải nhường đường cho xe có chướng ngại vật đi trước', '4. cả ý 1 và ý 2.', 'd', '', '2', '5'),
(103, 'Bạn đang lái xe trên đường hẹp, xuống dốc và gặp một xe đang đi lên dốc, bạn cần làm gì?', '', '1. Tiếp tục đi vì xe lên dốc phải nhường đường cho mình.', '2. Nhường đường cho xe lên dốc.', '3. Chỉ nhường đường khi xe lên dốc nháy đèn.', '', 'b', '', '1', '10'),
(104, 'Tại nơi đường giao nhau, người lái xe đang đi trên đường không ưu tiên phải nhường đường như thế nào là đúng quy tắc giao thông?', '', '1. Nhường đường cho xe đi ở bên phải mình tới.', '2. Nhường đường cho xe đi ở bên trái mình tới.', '3. Nhường đường cho xe đi trên đường ưu tiên hoặc đường chính từ bất kỳ hướng nào tới.', '', 'c', '', '1', '8'),
(105, 'Tại nơi đường giao nhau không có báo hiệu đi theo vòng xuyến, người điều khiển phương tiện phải nhường đường như thế nào là đúng quy tắc giao thông?', '', '1. Phải nhường đường cho xe đi đến từ bên phải.', '2. Xe báo hiệu xin đường trước xe đó được đi trước.', '3. Phải nhường đường cho xe đi đến từ bên trái.', '', 'a', '', '1', '1'),
(106, 'Tại nơi đường bộ giao nhau cùng mức với đường sắt chỉ có đèn tín hiệu hoặc chuông báo hiệu, khi đèn tín hiệu màu đỏ đã bật sáng hoặc có tiếng chuông báo hiệu, người tham gia giao thông phải dừng lại ngay và giữ khoảng cách tối thiểu bao nhiêu mét tính từ ray gần nhất?', '', '1. 1.5mét.', '2. 3 mét.', '3.4 mét.', '', 'a', '', '1', '11'),
(107, 'Trên đường cao tốc, người lái xe phải dừng xe, đỗ xe như thế nào để đảm bảo an toàn giao thông?', '', '1. Không được dừng xe, đỗ xe hoặc chỉ được dừng xe, đỗ xe ở nơi đường rộng, nếu dừng, đỗ xe ở nơi đường hẹp phải sử dụng còi báo hiệu để người lái xe khác biết.', '2. Chỉ được dừng xe, đỗ xe ở nơi quy định, trường hợp buộc phải dừng xe, đỗ xe không đúng nơi quy định thì người lái xe phải đưa xe ra khỏi phần đường xe chạy, nếu không thể được thì phải báo hiệu để người lái xe khác biết.', '3. Chỉ được dừng xe, đỗ xe ở nơi đường rộng; trường hợp dừng xe, đỗ xe tại nơi đường hẹp phải đặt các chướng ngại vật trên đường để yêu cầu người lái xe khác giảm tốc độ để bảo đảm an toan', '', 'b', '', '1', '4'),
(108, 'Những trường hợp nào ghi ở dưới đây không được đi vào đường cao tốc trừ người, phương tiện, thiết bị phục vụ cho việc quản lý, bảo trì đường cao tốc?', '', '1. Người đi bộ, xe thô sơ, xe gắn máy, xe mô tô và máy kéo; xe máy chuyên dùng có tốc độ thiết kế nhỏ hơn 70km/h.', '2. Xe mô tô và xe máy chuyên dùng có tốc độ thiết kế lớn hơn 70km/h.', '3. Người đi bộ, xe thô sơ, xe gắn máy và xe ô tô.', '', 'a', '', '1', '8'),
(109, 'Người điều khiển phương tiện tham gia giao thông trong hầm đường bộ ngoài việc phải tuân thủ các quy tắc giao thông còn phải thực hiện những quy định nào dưới đây?', '', '1. Xe cơ giới, xe máy chuyên dùng phải bật đèn; xe thô sơ phải bật đèn hoặc có vật phát sáng báo hiệu; chỉ được dừng xe, đỗ xe ở nơi quy định.', '2. Xe cơ giới phải bật đèn ngay cả khi đường hầm sáng; phải cho xe chạy trên một làn đường và chỉ chuyển làn ở nơi được phép; được quay đầu xe, lùi xe khi cần thiết.', '3. Xe máy chuyên dùng phải bật đèn ngay cả khi đường hầm sáng; phải cho xe chạy trên một làn đường và chỉ chuyển làn ở nơi được phép; được quay đầu xe, lùi xe khi cần thiết.', '', 'a', '', '1', '9'),
(110, 'Người điều khiển xe mô tô hai bánh, xe gắn máy được phép chở tối đa 2 người trong những trường hợp nào?', '', '1. Chở người bệnh đi cấp cứu; trẻ em dưới 14 tuổi.', '2. Áp giải người có hành vi vi phạm pháp luật.', '3. cả ý 1và ý 2.', '', 'c', '', '1', '10'),
(111, 'Người điều khiển xe mô tô hai bánh, xe gắn máy không được thực hiện những hành vi nào dưới đây?', '', '1. Đi vào phần đường dành cho người đi bộ và phương tiện khác; sử dụng ô, điện thoại di động, thiết bị âm thanh (trừ thiết bị trợ thính), đi xe dàn hàng ngang.', '2. Chở 02 người; trong đó, có người bệnh đi cấp cứu hoặc trẻ em dưới 14 tuổi hoặc áp giải người có hành vi vi phạm pháp luật.', '3. Điều khiển phương tiện tham gia giao thông trên đường tỉnh lộ hoặc quốc lộ.', '', 'a', '', '1', '8'),
(112, 'Người lái xe phải giảm tốc độ thấp hơn tốc độ tối đa cho phép (có thể dừng lại một cách an toàn) trong trường hợp nào dưới đây?', '', '1. Khi có báo hiệu cảnh báo nguy hiểm hoặc có chướng ngại vật trên đường; khi chuyển hướng xe chạy hoặc tầm nhìn bị hạn chếÿ khi qua nơi đường giao nhau, nơi đường bộ giao nhau với đường sắt; đường vòng; đường có địa hình quanh co, đèo dốc.', '2. Khi qua cầu, cống hẹp; khi lên gần đỉnh dốc, khi xuống dốc, khi qua trường học, khu đông dân cư, khu vực đang thi công trên đường bộ; hiện trường xảy ra tai nạn giao thông.', '3. Khi điều khiển xe vượt xe khác trên đường quốc lộ, đường cao tốc.', '4.cả ý 1và ý 2.', 'd', '', '1', '4'),
(113, 'Tại ngã ba hoặc ngã tư không có đảo an toàn, người lái xe phải nhường đường như thế nào là đúng trong các trường hợp dưới đây?', '', '1. Nhường đường cho người đi bộ đang đi trên phần đường dành cho người đi bộ sang đường; nhường đường cho xe đi trên đường ưu tiên, đường chính từ bất kỳ hướng nào tới; nhường đường cho xe ưu tiên, xe đi từ bên phải đến.', '2. Nhường đường cho người đi bộ đang đứng chờ đi qua phần đường dành cho người đi bộ sang đường; nhường đường cho xe đi trên đường ngược chiều, đường nhánh từ bất kỳ hướng nào tới; nhường đường cho xe đi từ bên trái đến.', '3. Không phải nhường đường.', '', 'a', '', '1', '1'),
(114, 'Khi điều khiển xe cơ giới người lái xe phải bật đèn tín hiệu rẽ nào trong các trường hợp nào sau đây?', '', '1. Khi cho xe chạy thẳng.', '2. Trước khi thay đổi làn đường.', '3. Sau khi thay đổi làn đường.', '', 'b', '', '1', '9'),
(115, 'Trên đoạn đường hai chiều không có giải phân cách giữa, người lái xe không được vượt xe khác trong các trường hợp nào dưới đây?', '', '1 . Xe bị vượt bất ngờ tăng tốc độ và cố tình không nhường đường.', '2. Xe bị vượt giảm tốc độ và nhường đường.', '3. Phát hiện có xe đi ngược chiều.', '4.Cả ý 1 và ý 3.', 'd', '', '1', '9'),
(116, 'Người lái xe mô tô xử lý như thế nào khi cho xe mô tô phía sau vượt?', '', '1. Nếu đủ điều kiện an toàn, người lái xe phải giảm tốc độ, đi sát về bên phải của phần đường xe chạy cho đến khi xe sau đã vượt qua, không được gây trở ngại đối với xe xin vượt.', '2. Lái xe vào lề đường bên trái và giảm tốc độ để xe phía sau vượt qua, không được gây trở ngại đối với xe xin vượt.', '3. Nếu đủ điều kiện an toàn, người lái xe phải tăng tốc độ, đi sát về bên phải của phần đường xe chạy cho đến khi xe sau đã vượt qua.', '', 'a', '', '3', '6'),
(117, 'Khi xe ô tô bị hỏng tại vị trí giao nhau giữa đường bộ và đường sắt, người lái xe xử lý như thế nào?', '', '1. Nhanh chóng đặt báo hiệu trên đường sắt cách tối thiểu 500 mét về hai phía để báo cho người điều khiển phương tiện đường sắt và tìrn cách báo cho người quản lý đường sắt, nhà ga nơi gần nhất, đồng thời phải bằng mọi biện pháp nhanh chóng đưa ô tô hỏng ra khỏi phạm vi an toàn đường sắt.', '2. Nhanh chóng đặt biển cảnh báo nguy hiểm tại vị trí xe ô tô bị hỏng để đoàn tàu dừng lại.', '3. Liên hệ ngay với đơn vị cứu hộ để đưa ô tô hỏng ra khỏi phạm vi an toàn đường sắt.', '', 'a', '', '3', '8'),
(118, 'Trong các trường hợp dưới đây, để đảm bảo an toàn khi tham gia giao thông, người lái xe mô tô cần thực hiện như thế nào?', '', '1. Phải đội mũ bảo hiểm đạt chuẩn, có cài quai đúng quy cách, mặc quần áo gọn gàng; không sử dụng ô, điện thoại di động, thiết bị âm thanh (trừ thiết bị trợ thính).', '2. Phải đội mũ bảo hiểm khi trời mưa gió hoặc trời quá nắng; có thể sử dụng ô, điện thoại di động, thiết bị âm thanh nhưng phải đảm bảo an toàn.', '3. Phải đội mũ bảo hiểm khi cảm thấy mất an toàn giao thông hoặc khi chuẩn bị di chuyển quãng đường xa.', '', 'a', '', '3', '9'),
(119, 'Đường bộ trong khu vực đông dân cư gồm những đoạn đường nào dưới đây?', '', '1. Là đoạn đường năm trong khu công nghiệp có đông người và phương tiện tham gia giao thông và được xác định cụ thể băng biển chỉ dẫn địa giới.', '2. Là đoạn đường bộ năm trong khu vực nội thành phố, nội thị xã, nội thị trấn và những đoạn đường có dân cư sinh sống sát dọc theo đường, có các hoạt động có thể ảnh hưởng đến giao thông đường bộ và được xác định băng biển báo là đường qua khu đông dân cư.', '3. Là đoạn đường năm ngoài khu vực nội thành phố, nội thị xã có đông người và phương tiện tham gia giao thông và được xác định cụ thể bằng biển chỉ dẫn địa giới.', '', 'b', '', '3', '5'),
(120, 'Tốc độ tối đa cho phép đối với xe máy chuyên dùng, xe gắn máy (kể cả xe máy điện) và các loại xe tương tự trên đường bộ (trừ đường cao tốc) không được vượt quá bao nhiêu km/h?', '', '1. 50 km/h.', '2. 40km/h.', '3. 60 km/h.', '', 'b', '', '3', '2'),
(121, 'Trên đường bộ (trừ đường cao tốc) trong khu vực đông dân cư, đường đôi có dải phân cách giữa, xe mô tô hai bánh, ô tô chở người đến 30 chỗ tham gia giao thông với tốc độ tối đa cho phép là bao nhiêu?', '', '1. 60km/h.', '2. 50 km/h.', '3. 40km/h.', '', 'a', '', '3', '5'),
(122, 'Trên đường bộ (trừ đường cao tốc) trong khu vực đông dân cư, đường hai chiều không có dải phân cách giữa, xe mô tô hai bánh, ô tô chở người đến 30 chỗ tham gia giao thông với tốc độ tối đa cho phép là bao nhiêu?', '', '1. 60 km/h.', '2.50km/h.', '3. 40 km/h.', '', 'b', '', '3', '5'),
(123, 'Trên đường bộ (trừ đường cao tốc) trong khu vực đông dân cư, đường hai chiều hoặc đường một chiều có một làn xe cơ giới, loại xe nào tham gia giao thông với tốc độ tối đa cho phép là 50 km/h?', '', '1. Ô tô con, ô tô tải, ô tô chở người trên 30 chỗ.', '2. Xe găn máy, xe máy chuyên dùng.', '3. Cả ý 1 và ý 2.', '', 'a', '', '3', '4'),
(124, 'Trên đường bộ (trừ đường cao tốc) ngoài khu vực đông dân cư, đường đôi có dải phân cách giữa, loại xe nào tham gia giao thông với tốc độ tối đa cho phép là 90 km/h?', '', '1 . Ô tô chở người trên 30 chỗ (trừ ô tô buýt), ô tô tải có trọng tải trên 3.500 kg.', '2. Xe ô tô con, xe ô tô chở người đến 30 chỗ (trừ ô tô buýt), ô tô tải có trọng tải đến 3.500kg', '3. Ô tô buýt, ô tô đầu kéo kéo sơ mi rơ moóc, ô tô chuyên dùng, xe mô tô.', '', 'b', '', '3', '7'),
(125, 'Trên đường bộ ngoài khu vực đông dân cư, đường đôi có dải phân cách giữa (trừ đường cao tốc), loại xe nào tham gia giao thông với tốc độ tối đa cho phép là 80 km/h?', '', '1.Ô tô buýt; ô tô đầu kéo kéo sơ mi rơ moóc; ô tô chuyên dùng; xe mô tô.', '2. Ô tô chở người trên 30 chỗ (trừ ô tô buýt), ô tô tải có trọng tải trên 3.500 kg (trừ ô tô xi téc).', '3. Ô tô kéo rơ moóc, ô tô kéo xe khác, xe gắn máy.', '4. Xe ô tô con, xe ô tô chở người đến 30 chỗ (trừ ô tô buýt), ô tô tải có trọng tải đến 3.500kg.', 'b', '', '3', '11'),
(126, 'Trên đường bộ ngoà u vực đông dân cư, đườnghai chiều không có dải phân cách giữa; đường một chiều có một làn xe cơ giới (trừ đường cao tốc), loại xe nào tham gia giao thông với tốc độ tối đa cho phép là 80 km/h?', '', '1. Ô tô kéo rơ moóc, ô tô kéo xe khác, xe gắn máy.', '2. Ô tô chở người trên 30 chỗ (trừ ô tô buýt), Ô tô tải có trọng tải trên 3.500 kg.', '3. Xe ô tô con, xe ô tô chở người đến 30 chỗ (trừ xe buýt), ô tô tải có trọng tải nhỏ hơn hoặc bằng 3.500 kg.', '', 'c', '', '3', '3'),
(127, 'Trên đường bộ ngoài khu vực đông dân cư, đường hai chiều không có dải phân cách giữa; đường một chiều có một làn xe cơ giới (trừ đường cao tốc), loại xe nào tham gia giao thông với tốc độ tối đa cho phép là 70 km/h?', '', '1. Ô tô kéo rơ moóc, ô tô kéo xe khác, xe gắn máy.', '2, Ô tô chở người trên 30 chỗ (trừ ô tô buýt), ô tô tải có trọng tải trên 3.500 kg (trừ ô tô xi téc).', '3. Xe ô tô con, xe ô tô chở người đến 30 chỗ (trừ xe buýt), ô tô tải có trọng tải nhỏ hơn hoặc băng 3.500kg.', '', 'b', '', '3', '1');
INSERT INTO `cauhoi_dapan` (`cau`, `nd_cauhoi`, `hinh_cauhoi`, `a`, `b`, `c`, `d`, `caudung`, `caudiemliet`, `loai_CH`, `BD_S`) VALUES
(128, 'Trên đường bộ ngoài khu vực đông dân cư, đường hai chiều không có dải phân cách giữa; đường một chiều có một làn xe cơ giới (trừ đường cao tốc), loại xe nào tham gia giao thông với tốc độ tối đa cho phép là 60 km/h?', '', '1. Ô tô kéo rơ moóc, ô tô kéo xe khác, xe gắn máy.', '2. Ô tô chở người trên 30 chỗ (trừ ô tô buýt), ô tô tải có trọng tải trên 3.500 kg.', '3. Ô tô buýt, ô tô đầu kéo kéo sơ mi rơ moóc, xe mô tô, ô tô chuyên dùng (trừ ô tô trộn vữa, ô tô trộn bê tông).', '', 'c', '', '3', '4'),
(129, 'Trên đường bộ ngoài khu vực đông dân cư, đường hai chiều không có dải phân cách giữa; đường một chiều có một làn xe cơ giới (trừ đường cao tốc), loại xe nào tham gia giao thông với tốc độ tối đa cho phép là 50 km/h?', '', '1. Ô tô kéo rơ moóc, ô tô kéo xe khác, xe gắn máy.', '2. Ô tô chở người trên 30 chỗ (trừ ô tô buýt), ô tô tải có trọng tải trên 3.500 kg.', '3. Ô tô kéo rơ moóc, ô tô kéo xe khác, ô tô trộn vữa, ô tô trộn bê tông, ô tô xi téc.', '', 'c', '', '3', '1'),
(130, 'Khi tham gia giao thông trên đoạn đường không có biển báo “Cự ly tối thiểu giữa hai xe”, với điều kiện mặt đường khô ráo, xe cơ giới đang chạy với tốc độ từ trên 60 km/h đến 80 km/h, người lái xe phải duy trì khoảng cách an toàn với xe đang chạy phía trước tối thiểu là bao nhiêu?', '', '1.35m.', '2.55m.', '3.70m.', '', 'b', '', '1', '4'),
(131, 'Khi tham gia giao thông trên đoạn đường không có biển báo “Cự ly tối thiểu giữa hai xe”, với điều kiện mặt đường khô ráo, xe cơ giới đang chạy với tốc độ từ trên 80 km/h đến 100 km/h, người lái xe phải duy trì khoảng cách an toàn với xe đang chạy phía trước tối thiểu là bao nhiêu?', '', '1.35m.', '2.55m.', '3. 70m', '', 'c', '', '1', '7'),
(132, 'Khi tham gia giao thông trên đoạn đường không có biển báo “Cự ly tối thiểu giữa hai xe”, với điều kiện mặt đường khô ráo, xe cơ giới đang chạy với tốc độ từ trên 100 km/h đến dưới 120 km/h, người lái xe phải duy trì khoảng cách an toàn với xe đang chạy phía trước tối thiểu là bao nhiêu?', '', '1.55m.', '2.70m.', '3. 100m', '', 'c', '', '1', '3'),
(133, 'Khi điều khiển xe chạy với tốc độ dưới 60 km/h, người lái xe phải chủ động điều khiển xe như thế nào để đảm bảo an toàn giao thông?', '', '1. Chủ động giữ khoảng cách an toàn phù hợp với xe chạy liền trước xe của mình.', '2. Đảm bảo khoảng cách an toàn theo mật độ phương tiện, tình hình giao thông thực tế.', '3.cả ý 1 và ý 2', '', 'c', '', '1', '3'),
(134, 'Người lái xe phải giảm tốc độ thấp hơn tốc độ đến mức cần thiết, chú ý quan sát và chuẩn bị sẵn sàng những tình huống có thế xảy ra để phòng ngừa tai nạn trong các trường hợp nào dưới đây?', '', '1. Gặp biển báo nguy hiểm trên đường.', '2. Gặp biển chỉ dẫn trên đường.', '3. Gặp biển báo hết mọi lệnh cấm.', '4. Gặp biển báo hết hạn chế tốc độ tối đa cho phép.', 'a', '', '1', '6'),
(135, 'Người lái xe phải giảm tốc độ, đi sát về bên phải của phần đường xe chạy trong các trường hợp nào dưới đây?', '', '1. Khi vượt xe khác.', '2. Khi vượt xe khác tại đoạn đường được phép vượt.', '3. Khi xe sau xin vượt và đảm bảo an toàn.', '4. Khi xe sau có tín hiệu vượt bên phải.', 'c', '', '1', '7'),
(136, 'Các phương tiện tham gia giao thông đường bộ (kể cả những xe có quyền ưu tiên) đều phải dừng lại bên phải đường của mình và trước vạch “dừng xe” tại các điểm giao cắt giữa đường bộ và đường sắt khi có báo hiệu dừng nào dưới đây?', '', '1 . Hiệu lệnh của nhân viên gác chắn.', '2. Đèn đỏ sáng nháy, cờ đỏ, biển đỏ.', '3. Gòi, chuông kêu, chắn đã đóng.', '4. Tất cả các ý trên.', 'd', '', '1', '1'),
(137, 'Tác dụng của mũ bảo hiểm đối với người ngồi trên xe mô tô hai bánh trong trường hợp xảy ra tai nạn giao thông là gì?', '', '1. Để làm đẹp.', '2. Để tránh mưa nắng', '3. Để giảm thiểu chấn thương vùng đầu.', '4. Để các loại phương tiện khác dễ quan sát.', 'c', '', '1', '8'),
(138, 'Người lái xe phải nhanh chóng giảm tốc độ, tránh hoặc dừng lại sát lê đường bên phải để nhường đường cho các xe nào nêu dưới đây?', '', '1. Xe chữa cháy, xe quân sự, xe công an, xe cứu thương, xe hộ đê sau khi thực hiện nhiệm vụ khẩn cấp, không có tín hiệu còi, cờ, đèn theo quy định của pháp luật.', '2. Xe chữa cháy, xe quân sự, xe công an, xe cứu thương, xe hộ đê đi làm nhiệm vụ khẩn cấp có tín hiệu còi, cờ, đèn theo quy định của pháp luật.', '3. Xe ô tô, xe máy, đoàn xe đang diễu hành có tố chức có báo tín hiệu xin vượt bằng còi và đèn.', '', 'b', '', '1', '2'),
(139, 'Tại nơi đường giao nhau, người lái xe đang đi trên đường không ưu tiên phải xử lý như thế nào là đúng quy tắc giao thông?', '', '1. Tăng tốc độ qua đường giao nhau để đi trước xe đi trên đường ưu tiên.', '2. Giảm tốc độ qua đường giao nhau để đi trước xe đi trên đường ưu tiên.', '3. Nhường đường cho xe đi trên đường ưu tiên từ bất kỳ hướng nào tới.', '', 'c', '', '1', '5'),
(140, 'Khi điều khiển xe trên đường vòng, khuất tầm nhìn người lái xe cần phải làm gì để đảm bảo an toàn?', '', '1. Đi đúng làn đường, đúng tốc độ quy định, không được vượt xe khác.', '2. Đi sang làn đường của xe ngược chiều để mở rộng tầm nhìn và vượt xe khác', '3. Cho xe đi sát bên phải làn đường, bật tín hiệu báo hiệu để vượt bên phải xe khác.', '', 'a', '', '1', '4'),
(141, 'Người lái xe phải xử lý như thế nào khi quan sát phía trước thấy người đi bộ đang sang đường tại nơi có vạch đường dành cho người đi bộ để đảm bảo an toàn?', '', '1. Giảm tốc độ, đi từ từ để vượt qua trước người đi bộ.', '2. Giảm tốc độ, có thể dừng lại nếu cần thiết trước vạch dừng xe để nhường đường cho người đi bộ qua đường.', '3. Tăng tốc độ để vượt qua trước người đi bộ.', '', 'b', '', '1', '5'),
(142, 'Tai những đoạn đường không bố trí biển báo hạn chế tốc độ, không bố trí biển báo khoảng cách an toàn tối thiểu giữa hai xe, người điều khiển phương; tiện tham gia giao thông phải thực hiện quy định nào dưới đây để đảm bảo an toàn giao thông?', '', '1. Người điều khiển phương tiện tham gia giao thông không hạn chế tốc độ và khoảng cách an toàn tối thiểu giữa hai xe.', '2. Người điều khiển phương tiện tham gia giao thông không hạn chế tốc độ và khoảng cách an toàn tối thiểu giữa hai xe vào ban đêm.', '3. Người điều khiển phương tiện tham gia giao thông phải nghiêm chỉnh chấp hành quy định về tốc độ, khoảng cách an toàn tối thiểu giữa hai xe.', '', 'c', '', '1', '1'),
(143, 'Khi tham gia giao thông trên đường cao tốc, người lái xe, người điều khiển xe máy chuyên dùng phải thực hiện các quy định như thế nào là đúng quy tắc giao thông?', '', '1. Tuân thủ tốc độ tối đa, tốc độ tối thiểu ghi trên biển báo hiệu đường bộ, sơn kẻ mặt đường trên các làn xe.', '2. Tuân thủ tốc độ tối đa, tốc độ tối thiểu ghi trên biển báo hiệu đường bộ, sơn kẻ mặt đường trên các làn xe chỉ vào ban ngày.', '3. Tuân thủ tốc độ tối đa, tốc độ tối thiểu ghi trên biển báo hiệu đường bộ, sơn kẻ mặt đường trên các làn xe chỉ vào ban đêm.', '', 'a', '', '1', '10'),
(144, 'Theo Luật Giao thông đường bộ, tín hiệu đèn giao thông gồm 3 màu nào dưới đây?', '', '1. Đỏ - Vàng - Xanh', '2. Cam - Vàng - Xanh.', '3. Vàng - Xanh dương - Xanh lá.', '4. Đỏ - Cam - Xanh.', 'a', '', '1', '11'),
(145, 'Tại nơi đường giao nhau, khi đèn điều khiển giao thông có tín hiệu màu vàng, người điều khiển phương tiện giao thông phải chấp hành như thế nào là đúng quy tắc giao thông?', '', '1. Phải cho xe dừng lại trước vạch dừng, trường hợp đã đi quá vạch dừng hoặc đã quá gần vạch dừng nếu dừng lại thấy nguy hiểm thì được đi tiếp.', '2. Trong trường hợp tín hiệu vàng nhấp nháy là được đi nhưng phải giảm tốc độ, chú ý quan sát nhường đường cho người đi bộ qua đường.', '3. Nhanh chóng tăng tốc độ, vượt qua nút giao và chú ý đảm bảo an toàn.', '4. Cả ý 1 và ý 2.', 'd', '', '1', '11'),
(146, 'Để báo hiệu cho xe phía trước biết xe mô tô của bạn muốn vượt, bạn phải có tín hiệu như thế nào dưới đây?', '', '1. Ra hiệu bằng tay rồi cho xe vượt qua.', '2. Tăng ga mạnh để gây sự chú ý rồi cho xe vượt qua.', '3. Bạn phải có báo hiệu bằng đèn hoặc còi.', '', 'c', '', '1', '7'),
(147, 'Khi tham gia giao thông trên đường cao tốc, người điều khiển phương tiện cơ giới có được dừng, đỗ xe trên phần đường xe chạy hay không?', '', '1. Được dừng, đỗ.', '2. Không được dừng, đỗ.', '3. Được dừng, đỗ nhưng phải đảm bảo an toàn', '', 'b', '', '1', '10'),
(148, 'Khi người lái xe ô tô dừng, đỗ sát theo lề đường, hè phố phía bên phải theo chiều đi của mình, bánh xe gần nhất không được cách xa lê đường, hè phố quá bao nhiêu mét trong các trường hợp dưới đây để không gây cản trở, nguy hiểm cho giao thông?', '', '1. 0,25 mét.', '2. 0,3 mét.', '3. 0,4 mét.', '4. 0,5 mét.', 'a', '', '2', '1'),
(149, 'Khi dừng, đỗ xe trên đường phố hẹp, người lái xe ô tô phải dừng, đỗ xe ở vị trí cách xe ô tô đang đỗ bên kia đường khoảng cách tối thiểu là bao nhiêu mét trong các trường hợp dưới đây để đảm bảo an toàn giao thông?', '', '1. 5 mét.', '2. 10 mét.', '3.15 mét.', '4. 20 mét.', 'a', '', '2', '11'),
(150, 'Trên đường bộ, người lái xe ô tô có được phép dừng xe, đỗ xe song song với một xe khác đang dừng, đỗ hay không?', '', '1 . Được phép.', '2. Không được phép.', '3. Chỉ được phép dừng, đỗ khi đường vắng.', '', 'b', '', '2', '5'),
(151, 'Người điều khiển xe mô tô phải giảm tốc độ và hết sức thận trọng khi qua những đoạn đường nào dưới đây?', '', '1. Đường ướt, đường có sỏi cát trên nền đường.', '2. Đường hẹp có nhiều điểm giao cắt từ hai phía.', '3. Đường đèo dốc, vòng liên tục', '4. Tất cả các ý nêu trên.', 'd', '', '1', '9'),
(152, 'Khi gặp xe buýt đang dừng đón, trả khách, người điều khiển xe mô tô phải xử lý như thế nào dưới đây để đảm bảo an toàn giao thông?', '', '1 . Tăng tốc độ để nhanh chóng vượt qua bến đỗ.', '2. Giảm tốc độ đến mức an toàn có thể và quan sát người qua đường và từ từ vượt qua xe buýt.', '3. Yêu cầu phải dừng lại phía sau xe buýt chờ xe rời bến mới đi tiếp.', '', 'b', '', '2', '6'),
(153, 'Biển nào cấm các loại xe cơ giới đi vào, trừ xe gắn máy, mô tô hai bánh và các loại xe ưu tiên theo luật định?', 'https://lh3.googleusercontent.com/sq2FXTrepdwqp2RnslKcedddWBr4nyEsjHcLmDN32K5o45JPapZV4yxTwwgelrgOZQ5HmA=s170', '1. Biển1.', '2. Biển 2.', '3. Biển 1 và 3.', '4. Cả ba biển.', 'a', '', '4', '4'),
(154, 'Biển nào cấm ô tô tải?', 'https://lh3.googleusercontent.com/Pr81s-UUQ4iVFSGMl8A24i6ly0Ox4mZD0m632HOLexSUk-9k8AYxekiKSuI1H28-gbp5Sw=s170', '1. Cả ba biển.', '2. Biển 2 và 3.', '3. Biển 1 và 3.', '4. Biển 1 và 2.', 'd', '', '4', '3'),
(155, 'Biển nào cấm máy kéo?', 'https://lh3.googleusercontent.com/hKUtqrRxo_ojKutmsM00Vetu9EZYgt8XK3Roi4ck6Hyv_46PWKdjWH7aiNvX4YQ_YpFb=s170', '1.Biển 1.', '2. Biển 2 và 3.', '3. Biển 1 và 3.', '4. Cả ba biển.', 'b', '', '4', '8'),
(156, 'Biển nào báo hiệu cấm xe mô tô ba bánh đi vào?', 'https://lh3.googleusercontent.com/ePywmUGSP-vRyQWMTk66l3igs65Zq-s8b3adcKkNN2-hzEJD1YDfi_dy0sM-MdJtzSSrF-c=s170', '1.Biển 1 và 2.', '2.Biển1 và 3.', '3. Biển 2 và 3.', '', 'a', '', '4', '7'),
(157, 'Biển nào dưới đây xe gắn máy không được phép đi vào?', 'https://lh3.googleusercontent.com/lB6Day5iInTHwSt1zzOO-rTCNmFvCP65EWPoNfvlTPfMbpwAHOfkqqFxM9izmCBnj8b1PQ=s170', '1.Biển 1.', '2. Biển 2', '', '', 'a', '', '4', '3'),
(158, 'Biển nào cho phép ô tô con được vượt?', 'https://lh3.googleusercontent.com/0tm0-gS4ifWc4B_pO5z04ut-y3vcubP6jYW7jvU1vZvXnJjn2RvmhiwH-5VXs-gFdIxbeQ=s170', '1. Biển 1 và 2.', '2. Biển 2.', '3. Biển 1 và 3.', '4. Biển 2 và 3.', 'c', '', '4', '4'),
(159, 'Biển nào cấm quay xe?', 'https://lh3.googleusercontent.com/-JTUgrxhJsIeBVCRtRj_WaNUwjGESz5TPcTtMoYIlRNWGiSYIdx6Hqz7WvZZAxijt6XmRQ=s170', '1.Biển 1.', '2.Biển 2.', '3. Không biển nào.', '4. Cả hai biển.', 'b', '', '4', '1'),
(160, 'Biển nào cấm xe rẽ trái?', 'https://lh3.googleusercontent.com/L8rwYfHtCgmzEB32BC1Y2Gg-MNsFXCIkBJwtl0iL7AqyHkPP-LOJFLUZ0OMg40E15kjFgw=s170', '1.Biển 1.', '2.Biển 2.', '3. Cả hai biển.', '', 'a', '', '4', '9'),
(161, 'Biển nào cấm ô tô rẽ trái?', 'https://lh3.googleusercontent.com/RMM9__pX1SVWb4_GhuNwQmeBeriHe_igr2JO_Zi44bnc8aGqAFyqnDpfwP3safJ3p7pw=s170', '1.Biển1.', '2.Biển 2.', '3. Cả hai biển.', '', 'c', '', '4', '4'),
(162, 'Biển nào cấm các phương tiện giao thông đường bộ rẽ phải?', 'https://lh3.googleusercontent.com/aLOE2SdPaUJKwAxLg_EjEW7FZOwKEbNX6Ue0kW--kJtb7_kCBwms28iYB77gtS1oJKzQ0A=s170', '1.Biển 1 và 2.', '2. Biển 1 và 3.', '3. Biển 2 và 3.', '4. Cả ba biển.', 'a', '', '4', '7'),
(163, 'Biển nào cho phép xe rẽ trái?', 'https://lh3.googleusercontent.com/BzkEGoKDn7_kG9oO2lJmBoo1QkQyHlEsphT3YtJymATnecGF1DU0wadtFMr5kd_1NuRMd6s=s170', '1.Biển 1.', '2.Biển 2.', '3. Không biển nào.', '', 'b', '', '4', '8'),
(164, 'Biển nào xe được phép quay đầu nhưng không được rẽ trái?', 'https://lh3.googleusercontent.com/Emg3hVa34kksu5zfGWm-ZJrDaSK_SxPalXTeq8Rwm5IxzCsut9lA6Qf-v4ABcm_AgmsR2A=s170', '1.Biển 1', '2. Biển 2.', '3. Cả 2 biển.', '', 'a', '', '4', '9'),
(165, 'Biển nào là Biển “Cấm đi ngược chiều”?', 'https://lh3.googleusercontent.com/qqkXlgqlSuJjWCtqTzJJO_aV1yMbSX6f2xYd-Gnz8KKPKZLCm6ITkfpjbZR4DnWDpi0672U=s170', '1.Biển 1.', '2.Biển 2.', '3. Cả ba biển.', '', 'b', '', '4', '8'),
(166, 'Gặp biển nào người lái xe không được đỗ xe vào ngày chẵn?', 'https://lh3.googleusercontent.com/iaIxHehu7mrvaJfEPT0rn2_6dZVZGxJkSf3pd-CO5zGM-W2VnISl-JWpn-kDkNjNtsDb=s170', '1.Biển1.', '2. Biển 1 và 3.', '3. Biển 2 và 3.', '4. Biển 3.', 'b', '', '4', '1'),
(167, 'Gặp biển nào xe xích lô được phép đi vào?', 'https://lh3.googleusercontent.com/-y1Nw86bcPE6S2FhIpT9P0TcoZK6hM0otDlU3L4KOGFm3hGjDm4I-oC7xys7cgasK_It=s170', '1. Biển1.', '2. Biển 2.', '3. Biển 3.', '4. Biển 1 và 2.', 'd', '', '4', '8'),
(168, 'Biển báo này có ý nghĩa gì?', 'https://lh3.googleusercontent.com/HjHtl2FyHjG32EOW1EmyfxJszyEnFbBwS06SKK1Bat0a9V8z5hyme7UqljMCaKFvHmax=s170', '1. Đường cấm súc vật vận tải hàng hóa.', '2. Đường cấm súc vật vận tải hành khách.', '3. Đường cấm súc vật vận tải hàng hóa hoặc hành khách dù kéo xe hay chở trên lưng đi qua.', '', 'c', '', '4', '7'),
(169, 'Biển báo này có ý nghĩa như thế nào?', 'https://lh3.googleusercontent.com/xg4gUVlPvnphYZ66B4X9-fk2RBGz3TPgRypsNhvGGxnh6FDqiji1rEGham0Z0YGEEdgLqQ=s149', '1. Tốc độ tối đa cho phép về ban đêm cho các phương tiện là 70 km/h.', '2. Tốc độ tối thiểu cho phép về ban đêm cho các phương tiện là 70 km/h.', '', '', 'a', '', '4', '10'),
(170, 'Khi gặp các biển này xe ưu tiên theo luật định (có tải trọng hay chiều cao toàn bộ vượt quá chỉ số ghi trên biển) có được phép đi qua hay không?', 'https://lh3.googleusercontent.com/g9-EagA_4JRc1XK3omEFsMOrImV0R2SdkI5Muu8nX9qU-SsJDo4BmUwVWnBzgDVLTt2vYQ=s170', '1 . Được phép.', '2. Không được phép.', '', '', 'b', '', '4', '11'),
(171, 'Khi gặp biển này, xe mô tô ba bánh có được phép rẽ trái hoặc rẽ phải hay không?', 'https://lh3.googleusercontent.com/g_T8-dtK81iAxrqr9VKTMVD_vFiSZEz3LQ3cUfS40BIz0VzHBzlY0xyRICRmIubWu-xk=s120', '1. Được phép.', '2. Không được phép.', '', '', 'b', '', '4', '10'),
(172, 'Biển phụ đặt dưới biển cấm bóp còi có ý nghĩa gì?', 'https://lh3.googleusercontent.com/bM5vftyRc8viC8psLCEPaYJ4Mlty4RJ1ehTM_ao40h2buTH656GuQUgR09ftAoHVwlkJBw=s124', '1. Báo khoảng cách đến nơi cấm bóp còi.', '2. Chiều dài đoạn đường cấm bóp còi từ nơi đặt biển.', '3. Báo cấm dùng còi có độ vang xa 500 m.', '', 'b', '', '4', '9'),
(173, 'Biển nào xe mô tô hai bánh được đi vào?', 'https://lh3.googleusercontent.com/OgNgH0-njckQxLw7GnH8l0oAZ4VomUPuDU48gfAFZ7dQS9HqQIf1xYsh2UbztXSR8_2scw=s170', '1. Biển 1 và 2.', '2.Biển 1 và 3.', '3. Biển 2 và 3.', '', 'b', '', '4', '10'),
(174, 'Biển nào xe mô tô hai bánh không được đi vào?', 'https://lh3.googleusercontent.com/OgNgH0-njckQxLw7GnH8l0oAZ4VomUPuDU48gfAFZ7dQS9HqQIf1xYsh2UbztXSR8_2scw=s170', '1.Biển 1.', '2.Biển 2.', '3. Biển 3.', '', 'b', '', '4', '9'),
(175, 'Ba biển này có hiệu lực như thế nào?', 'https://lh3.googleusercontent.com/OgNgH0-njckQxLw7GnH8l0oAZ4VomUPuDU48gfAFZ7dQS9HqQIf1xYsh2UbztXSR8_2scw=s170', '1. Cấm các loại xe ở biển phụ đi vào.', '2. Cấm các loại xe cơ giới đi vào trừ loại xe ở biển phụ.', '', '', 'a', '', '4', '10'),
(176, 'Biển này có ý nghĩa gì?', 'https://lh3.googleusercontent.com/utv74RUHoiMfeSNmhNtYEdCwptUU7SZ3okrjevdFDB1vLAJOLBVGIEkNHD0h1NsJuKf2jQA=s130', '1. Cấm dừng xe về hướng bên trái.', '2. Cấm đỗ xe và cấm dừng xe theo hướng bên phải.', '3. Được phép đỗ xe và dừng xe theo hướng bên', '', 'b', '', '4', '9'),
(177, 'Biển nào là biển “Tốc độ tối đa cho phép về ban đêm”?', 'https://lh3.googleusercontent.com/v7hXhyTUlnjP9AJUBmSOfPd-SgoHGuWXfwufBeUC4ldfXds5PUe2YtPeKBvnzbMjcgnM-g=s170', '1.Biển 1.', '2. Biển 2.', '3. Cả 2 biển.', '', 'a', '', '4', '9'),
(178, 'Biển báo nào báo hiệu bắt đầu đoạn đường vào phạm vi khu dân cư, các phương tiện tham gia giao thông phải tuân theo các quy định đi đường được áp dụng ở khu đông dân cư?', 'https://lh3.googleusercontent.com/_klbV0-_ujZ-g4h2lKDt7tFDOputYc7DqFOSByR02ITEvneTYi9Z2DKP8DW-9h98ytSVww=s170', '1.Biển 1.', '2. Biển 2.', '', '', 'a', '', '4', '8'),
(179, 'Biển nào báo hiệu hạn chế tốc độ của phương tiện không vượt quá trị số ghi trên biển?', 'https://lh3.googleusercontent.com/OZhFLcfUGTXA08aAPBEKVC4MOOCC2yjGxbYKf0ancfYahp5OPOg8cpJwQL4i34Y7bAW5CA=s170', '1. Biển1.', '2. Biển2.', '', '', 'b', '', '4', '2'),
(180, 'Trong các biển báo dưới đây biển nào báo hiệu “Hết đường cao tốc”?', 'https://lh3.googleusercontent.com/ZFQdODo1FFMxFx-5Vr0UbdS_YuSPaXV0HnyTYtlkJENLTSK9e8pNq3xkZVbbic96I42ZuA=s170', '1. Biển1.', '2. Biển 2.', '3. Biển 3.', '', 'b', '', '4', '6'),
(181, 'Số 50 trên biển báo dưới đây có ý nghĩa gì?', 'https://lh3.googleusercontent.com/xVpFWrIyJVgPh6sxVSQzrB5eE0j5J7BeptoNyjiWykuhDh_uhhgfGO44oirgWF-2Di5b3Q=s144', '1. Tốc độ tối đa các xe cơ giới được phép chạy.', '2. Tốc độ tối thiểu các xe cơ giới được phép chạy.', '', '', 'a', '', '4', '11'),
(182, 'Trong các biển báo dưới đây biển nào chỉ dẫn bắt đầu đường cao tốc.', 'https://lh3.googleusercontent.com/NRoeJmcgzptzf4W6zXGHlwz3mMZ4b440MvviiYZl7vNXjSwoUv2O53_xVDsr_811LvtDlA=s170', '1.Biển 1.', '2. Biển 2.', '3. Cả biển 1 và biển 2.', '', 'b', '', '4', '2'),
(183, 'Biển báo này có ý nghĩa gì?', 'https://lh3.googleusercontent.com/UPde-uSptjOEOuU_y67VRxDGOvoXOAXe2DY5FMmnHDcYZV71SX6QHozZ88q31TDCczydajU=s138', '1. Báo hiệu tốc độ tối đa cho phép các xe cơ giới chạy.', '2. Báo hiệu tốc độ tối thiểu cho phép các xe cơ giới chạy.', '', '', 'b', '', '4', '2'),
(184, 'Gặp biển nào người lái xe phải nhường đường cho người đi bộ?', 'https://lh3.googleusercontent.com/kH1Kff00byWlfoxTkVzrghCXHJCWm6zCIxcVIn_xMpWMqF5Y7Pq7c4ZhxJPGNsMBioDp=s170', '1.Biển 1.', '2. Biển 2.', '3. Biển 3.', '4. Biển 1 và 3.', 'a', '', '4', '2'),
(185, 'Biển nào chỉ đường dành cho người đi bộ, các loại xe không được đi vào khi gặp biển này?', 'https://lh3.googleusercontent.com/xNKs9umm8J3JYcDf7KwftYg0PCP1zq08qCiiHkzcPuYOxmnOFrDqL48E5dNt8SIyS9p9fQ=s170', '1.Biển 1.', '2. Biển 1 và 3.', '3. Biển 3.', '4. Cả ba biển.', 'c', '', '4', '8'),
(186, 'Biển nào báo hiệu “Đường dành cho xe thô sơ”?', 'https://lh3.googleusercontent.com/xNKs9umm8J3JYcDf7KwftYg0PCP1zq08qCiiHkzcPuYOxmnOFrDqL48E5dNt8SIyS9p9fQ=s170', '1. Biển 1.', '2. Biển 2.', '3. Biển 3.', '', 'a', '', '4', '8'),
(187, 'Biển nào báo hiệu sắp đến chỗ giao nhau nguy hiểm?', 'https://lh3.googleusercontent.com/-EmRkHji1MBkPL2q5yXEEv6vaMJoAksCvw7KxKkzvWsh8M4NYPEboFE0QSjN4sf-cBVBQw=s170', '1.Biển 1.', '2. Biển 1 và 2.', '3. Biển 2 và 3.', '4. Cả ba biển.', 'd', '', '4', '1'),
(188, 'Biển nào báo hiệu sắp đến chỗ giao nhau nguy hiểm?', 'https://lh3.googleusercontent.com/-EmRkHji1MBkPL2q5yXEEv6vaMJoAksCvw7KxKkzvWsh8M4NYPEboFE0QSjN4sf-cBVBQw=s170', '1.Biển 1.', '2. Biển 1 và 2.', '3. Biển 2 và 3.', '4. Cả ba biển.', 'a', '', '4', '7'),
(189, 'Biển nào báo hiệu “Giao nhau có tín hiệu đèn”?', 'https://lh3.googleusercontent.com/-EmRkHji1MBkPL2q5yXEEv6vaMJoAksCvw7KxKkzvWsh8M4NYPEboFE0QSjN4sf-cBVBQw=s170', '1.Biển 1.', '2. Biển 2.', '3. Biển 3.', '4. Cả ba biển.', 'c', '', '4', '9'),
(190, 'Biển nào báo hiệu nguy hiểm giao nhau với đường sắt?', 'https://lh3.googleusercontent.com/Fa63Qdw_3agxzVY7FftpYQCokLyBzKho9V9xFpkiltvM003_BR7vIYgQbr_HBEIHXtC4oag=s170', '1.Biển1 và 2.', '2.Biền 1 và 3.', '3. Biển 2 và 3.', '4. Cả ba biển.', 'b', '', '4', '1'),
(191, 'Biển nào báo hiệu Đường sắt giao nhau với đường bộ không có rào chắn?', 'https://lh3.googleusercontent.com/OFCTN6slVHz2Km2Hv0KKmkz442lde4jOI3w_TNT8vkFCW-Dt_wfqek5XaetVs_IRMPVh-2U=s170', '1. Biển 1 và 2.', '2. Biển 1 và 3.', '3. Biển 2 và 3.', '4. Cả ba biển.', ' b', '', '4', '9'),
(192, 'Biển nào báo hiệu sắp đến chỗ giao nhau giữa đường bộ và đường sắt?', 'https://lh3.googleusercontent.com/PwXL8CoW-FKhp4NaNYRU6xnUpoQbBGLU2_jmlQ66ZgSa1LHglt7bAvUIpMKNhLiW11vCpQ=s170', '1.Biển 1.', '2. Biển 2.', '3. Biển 3.', '4. Biển 1 và 3.', 'a', '', '4', '5'),
(193, 'Biển nào báo hiệu “Cửa chui”?', 'https://lh3.googleusercontent.com/r97parTR2CfNvK8LiFfDUEwJAxFAM-FeqYhJDWi_h7-7Bs9bKlJWau-8fQYCIJ9fxFc4Nqg=s170', '1.Biển1.', '2.Biến 2.', '3. Biển 3.', '', 'b', '', '4', '3'),
(194, 'Hai biển này có ý nghĩa gì?', 'https://lh3.googleusercontent.com/e0pKYDtYfWElfUM3LzJWkqXcyMKxJfgdFJyhzz6pHsHQCjjievev20g50_2a18fqPQ9HdBg=s170', '1. Để chỉ nơi đường sắt giao vuông góc với đường bộ không có rào chắn.', '2. Để báo trước sắp đến vị trí giao cắt đường bộ với đường sắt cùng mức, không vuông góc và không có người gác, không có rào chắn.', '3. Nơi đường sắt giao nhau với đường bộ.', '', 'a', '', '4', '2'),
(195, 'Các biển này có ý nghĩa gì?', 'https://lh3.googleusercontent.com/LhRYmk3XPKLdcBnakh6ZsC0CBTpmULXG6WrDuiKUSVEHtFfohiCnEt7Snid1BbEM7Hxt=s170', '1. Nơi đường sắt giao nhau với đường bộ.', '2. Nơi đường sắt giao vuông góc với đường bộ.', '3. Để báo trước sắp đến vị trí đường sắt giao không vuông góc với đường bộ, không có người gác và không có rào chắn.', '', 'c', '', '4', '11'),
(196, 'Biển nào báo hiệu “Hết đoạn đường ưu tiên”?', 'https://lh3.googleusercontent.com/ydC_cpKed080Xhl70lqpcyAJ4JNe77Z446bv-9z5Xxxm8H_zjQsVtEc00aUyzU59mwRg=s170', '1. Biển 1.', '2. Biển 2.', '3.Biển 3.', '', 'c', '', '4', '1'),
(197, 'Biển nào báo hiệu, chỉ dẫn xe đi trên đường này được quyền ưu tiên qua nơi giao nhau?', 'https://lh3.googleusercontent.com/lim5IWWmSucm6JrGKharYSrBN6spM7iFUj6wlNyyYqP8xFue0lTQcowZUUnHiabBFOqR=s170', '1.  Biển 1 và 2.', '2.Biến 1 và 3.', '3. Biển 2 và 3.', '4. Cả ba biển.', 'b', '', '4', '8'),
(198, 'Biển nào báo hiệu “Giao nhau với đường không ưu tiên”?', 'https://lh3.googleusercontent.com/lim5IWWmSucm6JrGKharYSrBN6spM7iFUj6wlNyyYqP8xFue0lTQcowZUUnHiabBFOqR=s170', '1. Biển 1.', '2. Biển 2.', '3.Biển 3.', '4. Biển 2 và 3.', 'a', '', '4', '2'),
(199, 'Biển nào báo hiệu “Giao nhau với đường ưu tiên”?', 'https://lh3.googleusercontent.com/lim5IWWmSucm6JrGKharYSrBN6spM7iFUj6wlNyyYqP8xFue0lTQcowZUUnHiabBFOqR=s170', '1. Biển 1 và 3.', '2. Biển 2.', '3.Biển 3.', '', 'b', '', '4', '9'),
(200, 'Biển nào báo hiệu “Đường bị thu hẹp”?', 'https://lh3.googleusercontent.com/7Qh7Y9s1nml0nPK7Yt0aG3zpcczv6NdgH6tO-sPzHjuxWR9ikIrCc6VIpN2i-Oec5qbV=s170', '1. Biến 1 và 2.', '2. Biến 1 và 3.', '3. Biến 2 và 3.', '4. Cả ba biển.', 'a', '', '4', '2'),
(201, 'Khi gặp biến nào, ngườ Í xe phải giảm tốc độ, chú ý xe đi ngược chiều, xe đi ở phía đường bị hẹp phải nhường đường cho xe đi ngược chiều?', 'https://lh3.googleusercontent.com/yio2gzmNIJxTntYkZAoxcGYT-9eJWNPAWN2Nuq8XKob4AkoO5jI2WNuefkEpDJQH-aQ6=s170', '1.Biển 1.', '2. Biển 1 và 3.', '3. Biến 2 và 3.', '4. Cả ba biển.', 'c', '', '4', '7'),
(202, 'Biển nào báo hiệu “Giao nhau với đường ưu tiên”?', 'https://lh3.googleusercontent.com/WFAJrPrYC3cFPqDSyocbqWM7mc2zp-osoxS8bFuySyRheupar9DHFzTmUGNvmQf7mZUmRQ=s170', '1.Biển 1.', '2. Biển 2.', '3. Biển 3.', '4. Cả ba biển.', 'c', '', '4', '4'),
(203, 'Biển nào báo hiệu “Đường giao nhau” của các tuyến đường cùng cấp?', 'https://lh3.googleusercontent.com/WFAJrPrYC3cFPqDSyocbqWM7mc2zp-osoxS8bFuySyRheupar9DHFzTmUGNvmQf7mZUmRQ=s170', '1.Biển 1.', '2. Biển 2.', '3. Biển 3.', '', 'a', '', '4', '10'),
(204, 'Biển nào báo hiệu “Giao nhau với đường không ưu tiên”?', 'https://lh3.googleusercontent.com/WFAJrPrYC3cFPqDSyocbqWM7mc2zp-osoxS8bFuySyRheupar9DHFzTmUGNvmQf7mZUmRQ=s170', '1.Biển 1.', '2. Biển 2.', '3. Biển 3.', '', 'b', '', '4', '6'),
(205, 'Biển nào báo hiệu “Đường hai chiều”?', 'https://lh3.googleusercontent.com/JhwtsOCEey-zheCmzxA74AmJrvkb1uCeC9ODwDlUowNj-sAsWsrxRRe4yLyxyB_wak0q-g=s170', '1.Biển 1.', '2. Biển 2.', '3. Biển 3.', '', 'a', '', '4', '11'),
(206, 'Biển nào báo hiệu phải giảm tốc độ, nhường đường cho xe cơ giới đi ngược chiều qua đường hẹp?', 'https://lh3.googleusercontent.com/JhwtsOCEey-zheCmzxA74AmJrvkb1uCeC9ODwDlUowNj-sAsWsrxRRe4yLyxyB_wak0q-g=s170', '1.Biển 1.', '2. Biển 2.', '3. Biển 3.', '', 'b', '', '4', '2'),
(207, 'Biển nào báo hiệu “Đường đôi”?', 'https://lh3.googleusercontent.com/rtnsTMhiRDbqgFvLoN53ZefZD3_XR1VzRipCJzwD5JqF9n2e7jk8V0H21TwAFaWWPvJxnw=s170', '1.Biển 1.', '2. Biển 2.', '3. Biển 3.', '', 'b', '', '4', '1'),
(208, 'Biển nào báo hiệu “Kết thúc đường đôi”?', 'https://lh3.googleusercontent.com/_Lgcby503I31MkbeP9CN-d3pTMLOYCaI9opyfS_qfEthrbWYJgK-RF5KL_Hi9nGhLFzs=s170', '1.Biển 1.', '2. Biển 2.', '3. Biển 3.', '', 'c', '', '4', '4'),
(209, 'Biển nào chỉ dẫn cho người tham gia giao thông biết vị trí và khoảng cách có làn đường cứu nạn hay làn thoát xe khẩn cấp?', 'https://lh3.googleusercontent.com/k9dtAafL_wkBXY07vepUofaV9MIbC2A36uYUtjwtDxsL_e4kbrMR5SWm4iQ3mV8UPacNrg=s170', '1.Biển 1.', '2. Biển 2.', '3. Cả hai biển.', '', 'b', '', '4', '11'),
(210, 'Biển nào dưới đây là biển “Cầu hẹp”?', 'https://lh3.googleusercontent.com/3x4kZgOzs7lCUWjRDjRjikoTjJh7I1sMRATI7cd1iZYWWKU2nI_2i-kiHPbUMQvJEOpI=s170', '1.Biển 1.', '2. Biển 2.', '3. Biển 3.', '', 'b', '', '4', '5'),
(211, 'Biển nào dưới đây là biển “Cầu xoay - cầu cất”?', 'https://lh3.googleusercontent.com/3x4kZgOzs7lCUWjRDjRjikoTjJh7I1sMRATI7cd1iZYWWKU2nI_2i-kiHPbUMQvJEOpI=s170', '1.Biển 1.', '2. Biển 2.', '3. Biển 3.', '', 'c', '', '4', '10'),
(212, 'Biển nào dưới đây là biển “Kè, vực sâu phía trước”?', 'https://lh3.googleusercontent.com/ssPyIbdQFp3VKqhwXCgwvpHHos3lz4vquoTS2wOAIT-gtSYSRcHFQbnRCvZBJKhXMdLWv9w=s170', '1.Biển 1.', '2. Biển 2.', '3. Biển 3.', '', 'a', '', '4', '5'),
(213, 'Biển nào sau đây là biển “Kè, vực sâu bên đường phía bên trái”?', 'https://lh3.googleusercontent.com/ssPyIbdQFp3VKqhwXCgwvpHHos3lz4vquoTS2wOAIT-gtSYSRcHFQbnRCvZBJKhXMdLWv9w=s170', '1.Biển 1.', '2. Biển 2.', '3. Biển 3.', '4. Biển 1 và Biển 2', 'c', '', '4', '2'),
(214, 'Biển nào sau đây là biển “Kè, vực sâu bên đường phía bên phải”?', 'https://lh3.googleusercontent.com/ssPyIbdQFp3VKqhwXCgwvpHHos3lz4vquoTS2wOAIT-gtSYSRcHFQbnRCvZBJKhXMdLWv9w=s170', '1.Biển 1.', '2. Biển 2.', '3. Biển 3.', '', 'b', '', '4', '5'),
(215, 'Biển nào sau đây là biển “Đường trơn”?', 'https://lh3.googleusercontent.com/1g2RdYi9CjHRl7LppF6kDua9-VdzkWqT-05faFHjB2NLjPEb0IrbB6aPq7o_jddw6j1dRw=s170', '1.Biển 1.', '2. Biển 2.', '3. Biển 3.', '', 'b', '', '4', '10'),
(216, 'Biển nào sau đây báo trước gần tới đoạn đường đang tiến hành thi công?', 'https://lh3.googleusercontent.com/jKv3GL1CB63w-5w91HWF3IDOPPFQ3S0tq5ndgl16CwndmIdGRlP3iTqzuOgkVrAY9-lgBqc=s170', '1.Biển 1.', '2. Biển 2.', '3. Biển 3.', '4. Không biển nào', 'a', '', '4', '11'),
(217, 'Biển nào dưới đây cảnh báo nguy hiểm đoạn đường thường xảy ra tai nạn?', 'https://lh3.googleusercontent.com/Eoi-XgK0hy7ZRbKcutwalB9l5swmjnGYNB174ko1SsxTlQ6PXZ22mRhWz0hNxyMjs2Jd=s170', '1.Biển 1.', '2. Biển 2.', '3. Biển 3.', '', 'b', '', '4', '11'),
(218, 'Gặp biển nào người tham gia giao thông phải đi chậm và thận trọng đề phòng khả năng xuất hiện và di chuyển bất ngờ của trẻ em trên mặt đường?', 'https://lh3.googleusercontent.com/SMkwZs-sZsm9HzB8P5ZAMyjjI3MUl5M2-8UpsgPny9L6gH_i8BVSe0rOUROgu0UTtjQz=s170', '1.Biển 1.', '2. Biển 2.', '', '', 'b', '', '4', '4'),
(219, 'Biển nào chỉ dẫn nơi bắt đầu đoạn đường dành cho người đi bộ?', 'https://lh3.googleusercontent.com/Xn26pwfKKrKLlcxaFC-6Tr0fdrunaDWSDf3C5zZkjp5nvQZQEc7bkHfPnbX5jQFkSnl3=s170', '1.Biển 1.', '2. Biển 2.', '3. Biển 3.', '', 'b', '', '4', '6'),
(220, 'Biển nào báo hiệu gần đến đoạn đường thường có. trẻ em đi ngang qua?', 'https://lh3.googleusercontent.com/K4M-p4WcmhPxEFxnXxl6OlzUF0dcoU8EWy6mlg6DS3RTVGigKLm6197KEK70KuIOydu3HK0=s170', '1.Biển 1.', '2. Biển 2.', '3. Biển 3.', '4. Cả 3 biển', 'b', '', '4', '7'),
(221, 'Xe nào đi trước là đúng quy tắc giao thông?', 'https://lh3.googleusercontent.com/xjhVUsPTgLOkqu5L5uafGG_wMqc7sYZc-NONf3GnJtjMtgfTtsBDgJ1Ic2kOthOFasubAg=s125', '1. Xe của bạn.', '2.Xe tải.', '', '', 'b', '', '5', '9'),
(222, 'Người lái xe có thể quay đầu xe như thế nào là đúng quy tắc giao thông?', 'https://lh3.googleusercontent.com/S9YJ6pgoSN1zUAhhn8GETAWTnXJX9_sxEX8r0w4kEMYmYVcIvfcSKC5y0-A_6nOsR-uq=s151', '1.Quay đầu theo hướng A.', '2. Quay đầu theo hướng B.', '3. Cấm quay đầu.', '', 'a', '', '5', '4'),
(223, 'Thứ tự các xe đi như thế nào là đúng quy tắc giao thông?', 'https://lh3.googleusercontent.com/xmTvw8ZcopqGzTQUl_vqOnWrAQ-f0OJjeGP9rp8_Ct-GdUdAYl17T5rWvfCytUVuODaW=s147', '1. Xe con và xe tải, xe của bạn.', '2. Xe của bạn, xe tải, xe con.', '3. Xe của bạn và xe con, xe tải.', '4. Xe của bạn, xe tải + xe con.', 'c', '', '5', '3'),
(224, 'Khi muốn vượt xe tải, người lái xe phải làm gì là đúng quy tắc giao thông?', 'https://lh3.googleusercontent.com/imKM83y9h3UnpdvuuA9dE5kd-zuBvMfrQ0f9EKmSLasJTReIQq8_au_aSEczq8a3rphl=s151', '1. Tăng tốc cho xe chạy vượt qua.', '2.Bật tín hiệu báo hiệu bằng đèn hoặc còi, khi đủ điều kiện an toàn, tăng tốc cho xe chạy vượt qua.', '3. Đánh lái sang làn bên trái và tăng tốc cho xe chạy vượt qua.', '', 'b', '', '5', '3'),
(225, 'Theo tín hiệu đèn, xe nào phải dừng lại là đúng quy tắc giao thông?', 'https://lh3.googleusercontent.com/tHb0oENoBAlMFALAr65NrocH7182e-9cEEJ9m_QXGZZcXErjw00IjcyIPy4n2sRic3VR=s155', '1. Xe khách, mô tô.', '2.Xe tải, mô tô.', '3. Xe con, xe tải.', '', 'c', '', '5', '8'),
(226, 'Xe nào phải nhường đường là đúng quy tắc giao thông?', 'https://lh3.googleusercontent.com/qA-bpCFMrG6o3MAx6nFDdMxDOErpIvmL8dwMkQClW5Zb8ioViv5G-V9N5Plmw7SaKVKoRg=s150', '1.Xe tải.', '2.xe khách.', '3.Xe con.', '', 'b', '', '5', '4'),
(227, 'Người lái xe có được vượt xe tải để đi thẳng trong trường hợp này không?', 'https://lh3.googleusercontent.com/aULtPaHwFFE2v89dPueNHjjhiKuSPa92sJG_a-N-dD1cwoqdBdbbBQr_JPnCnEOCHAXd=s151', '1,Được vượt.', '2 .Cấm vượt', '', '', 'b', '', '5', '2'),
(228, 'Bạn có được phép vượt xe mô tô phía trước không?', 'https://lh3.googleusercontent.com/7xf24j2aXmVxZ6gGv_JSUFLCF0L8NCsy0-0uCZvH548YlUdRoZDvjV76nO__8nFZ_OSuig=s151', '1.Cho phép.', '2.Không được vượt.', '', '', 'b', '', '5', '7'),
(229, 'Người lái xe dừng tại vị trí nào là đúng quy tắc giao thông?', 'https://lh3.googleusercontent.com/ldDFPUGY-lWaQjjDcSC2Yb4cWhHHRSF43xGy1d7dTRDmVM1Ky3VBzOZQf0kGHhSsror2XQ=s159', '1.vị trí A và B.', '2.vị trí A và C.', '3.vị tri B và C.', '4. Cả ba vị trí A,B,C.', 'c', '', '5', '1'),
(230, 'Bạn được dừng xe ở vị trí nào trong tình huống này?', 'https://lh3.googleusercontent.com/Fv49Q97982nRnAwpP5IEQzYrLjP6QBbOJaufiOfx5vd8443Vgzt6AqhcrZXiYVGGnAyF0g=s151', '1. Được phép dừng ở vị trí A.', '2. Được phép dừng ở vị trí B.', '3. Được phép dừng ở vị trí A và B.', '4. Không được dừng.', 'd', '', '5', '5'),
(231, 'Theo tín hiệu đèn của xe cơ giới, xe nào vi phạm quy tắc giao thông?', 'https://lh3.googleusercontent.com/LqGu8gYo-YRBFby51jIoZrsD_dcV2aAMN8p8p5UnXfgZ5gE-WS5krjyitm3mz4ys9clB=s151', '1. Xe mô tô.', '2. Xe ô tô con', '3. Không xe nào vi phạm.', '4. Cả hai xe.', 'd', '', '5', '6'),
(232, 'Các xe đi theo hướng mũi tên, xe nào vi phạm quy tắc giao thông?', 'https://lh3.googleusercontent.com/yjT8WON3QEl2TsP8a0DqFv5TWy4OQTZr8yH70u-uw5c9F4juAm4d9GMy_dOEc54HVlCg=s150', '1.Xe con.', '2.xe tải.', '3. Xe con, xe tải.', '', 'b', '', '5', '3'),
(233, 'Các xe đi theo hướng mũi tên, xe nào vi phạm quy tắc giao thông?', 'https://lh3.googleusercontent.com/r88xg4mjf-6poGQH1IC7Ob_ftSmvRvNLzbs72H24uJByh-R6iYPO8th02qFVBpGIXc4PZ_s=s152', '1. Xe tải, xe con.', '2. Xe khách, xe con.', '3. Xe khách, xe tải.', '', 'c', '', '5', '8'),
(234, 'Các xe đi theo hướng mũi tên, xe nào vi phạm quy tắc giao thông?', 'https://lh3.googleusercontent.com/adE1-1j8pu7JNc4PcR4O7Ckf8a0GqCiHZmjd9OnJ1M1yFbcF1gaB6mhvZG_Ik1voBeIm8Bo=s149', '1. Xe con, xe tải, xe khách.', '2. xe tải, xe khách, xe mô tô.', '3. Xe khách, xe mô tô, xe con.', '4. Cả bốn xe.', 'b', '', '5', '7'),
(235, 'Các xe đi theo hướng mũi tên, xe nào vi phạm quy tắc giao thông?', 'https://lh3.googleusercontent.com/AMpcm20_czsDG31IQ8PWwPEfVaSNONAbRu8Gdeu04xl2cxMLvh7nP0fcmM4y2eSc-EnZxIY=s149', '1. Xe khách, xe tải.', '2, Xe khách, xe con.', '3. Xe con, xe tải', '4. Xe khách, xe tải, xe con.', 'a', '', '5', '2'),
(236, 'Trong tình huống dưới đây, để tránh xe phía trước bị hỏng đột xuất trên đường, người lái xe phải làm gì?', 'https://lh3.googleusercontent.com/-p2bg2sBkYVMnBIdCB91fxNHW2wQay9MarSOrHHvLo4sSqeZJX8gr9Ggnz09gMlCNSTIEg=s150', '1. Đánh lái sang trái cho xe vượt qua.', '2.Quan sát phía trước, phía sau, khi đủ điều kiện an toàn, bật tín hiệu băng đèn hoặc còi rồi cho xe chạy vượt qua.', '3. Cấm vượt.', '', 'b', '', '5', '11'),
(237, 'Các xe đi theo hướng mũi tên, xe nào chấp hành đúng quy tắc giao thông?', 'https://lh3.googleusercontent.com/DUM8shRNNwrgyOG-NxMBxEsBYckuzw33I0bwpi8On4t7jMeC7meUdpJDlg55TqbPjA7QYg=s153', '1. Xe tải, mô tô.', '2. xe khách, mô tô.', '3, Xe tải, xe con.', '4, Mô tô, xe con.', 'b', '', '5', '11'),
(238, 'Trong hình dưới, những xe nào vi phạm quy tắc giao thông?', 'https://lh3.googleusercontent.com/vRU6CI8OwYB46DXPGu33KliK1vBp1CEahu9iN1xycpla_6te7hJee7WOjXq2bgVAxhYz2w=s150', '1. Xe con (A), xe con (B), xe tải (D).', '2. Xe tải (D), xe con (E), xe buýt (G).', '3. Xe tải (D), xe con (B).', '4. Xe con (B), xe con (O).', 'c', '', '5', '3'),
(239, 'Các xe đi theo thứ tự nào là đúng quy tắc giao thông đường bộ?', 'https://lh3.googleusercontent.com/jlf2-1YekxSOhXqPYUPg0djeeexkm_Pne2zW07VjtigFUyeMSx9cqrU_EkQkTpY2In23fA=s153', '1. Xe của bạn, mô tô, xe con.', '2. Xe con, xe của bạn, mô tô.', '3. Mô tô, xe con, xe của bạn.', '', 'c', '', '5', '4'),
(240, 'Các xe đi theo thứ tự nào là đúng quy tắc giao thông đường bộ?', 'https://lh3.googleusercontent.com/EU6KaLN5YG-zk-v7s7o_7YjJOxSLSalISpV3u8lLvIOnd0aInyG5TAaFzqL62w88T2pHPg=s151', '1 . Xe của bạn, mô tô, xe con.', '2. Xe con, xe của bạn, mô tô.', '3. Mô tô, xe con, xe của bạn.', '', 'b', '', '5', '6'),
(241, 'Xe nào phải dừng lại trong trường hợp này?', 'https://lh3.googleusercontent.com/P9Py4EIGUZCd3lN1V6gXnUUenPgcTn9v4Ud2y7jtvoTJZvhDW7UVbLz7od7BU4KQhSFB_Q=s148', '1. Xe con.', '2, Xe của bạn.', '3. cả hai xe.', '', 'a', '', '5', '4'),
(242, 'Xe của bạn được đi theo hướng nào trong trường hợp này?', 'https://lh3.googleusercontent.com/ULxY1RRQqxlWZYYbUpKAltjwUzstIbrIdVJoLtWVaOBu5x6gfMqMxmf6k3ceEEEQhD5iQg=s149', '1. Đi thẳng hoặc rẽ trái.', '2. Đi thẳng hoặc rẽ phải.', '3. Rẽ trái.', '4. Đi thẳng, rẽ phải hoặc rẽ trái.', 'a', '', '5', '2'),
(243, 'Xe của bạn được đi theo hướng nào trong trường hợp này?', 'https://lh3.googleusercontent.com/ULxY1RRQqxlWZYYbUpKAltjwUzstIbrIdVJoLtWVaOBu5x6gfMqMxmf6k3ceEEEQhD5iQg=s149', '1. Chuyển sang làn đường bên phải và rẽ phải.', '2 Dừng lại trước vạch dừng và rẽ phải khi đèn xanh.', '3. Dừng lại trước vạch dừng và đi thẳng hoặc rẽ trái khi đèn xanh.', '', 'c', '', '5', '5'),
(244, 'Bạn xử lý như thế nào trong trường hợp này?', 'https://lh3.googleusercontent.com/5i4jZn10YhibJMsAR3prcRW4mZ2eoPaJaN7EU2nTH3638NAOAoVCppU1YouVXgcFQLTljQ=s150', '1. Tăng tốc độ, rẽ phải trước xe tải và xe đạp.', '2. Giảm tốc độ, rẽ phải sau xe tải và xe đạp.', '3. Tăng tốc độ, rẽ phải trước xe đạp.', '', 'b', '', '5', '8'),
(245, 'Bạn xử lý như thế nào trong trường hợp này?', 'https://lh3.googleusercontent.com/fVBwYdBWJOpcHSstCO9EQijwS4Rzv3ArNMIDWy84aN7XapfZ4QNtuNIssT_yvz9rGpY5=s147', '1. Tăng tốc độ, rẽ phải trước xe con màu xanh phía trước và người đi bộ.', '2. Giảm tốc độ, để người đi bộ qua đường và rẽ phải trước xe con màu xanh.', '3: Giảm tốc độ, để người đi bộ qua đường và rẽ phải sau xe con màu xanh', '', 'c', '', '5', '5'),
(246, 'Bạn xử lý như thế nào trong trường hợp này?', 'https://lh3.googleusercontent.com/iUZ47VNGvUTZGdPuYlqKL0Bj3mbjwmk14Qp63koekCujOOjyd1kYOgPlolJgXORiYa5qAnc=s150', '1. Nhường đường cho xe khách và đi trước xe đạp.', '2. Nhường đường cho xe đạp và đi trước xe khách.', '3. Nhường đường cho xe đạp và xe khách.', '', 'c', '', '5', '6'),
(247, 'Xe nào phải nhường đường trong trường hợp này?', 'https://lh3.googleusercontent.com/MoJeSRhScwB-fDVgSwRwXwyjXw_LmZoy7nc-243X_BntPzzy_TDDYG6b9qgvtgQ9pfmb=s148', '1.Xe con.', '2.Xe tải', '3.Xe của bạn', '', 'b', '', '5', '9'),
(248, 'Xe nào phải nhường đường trong trường hợp này?', 'https://lh3.googleusercontent.com/rz9AoVU_g98IwsFmmN3djXHYQg9BlP41Z2zsGDLrSop0LWhghZb5zwLmAa72CACtEViZ=s152', '1. Xe đi ngược chiều.', '2.Xe của bạn', '', '', 'b', '', '5', '3'),
(249, 'Bạn xử lý như thế nào khi lái xe ô tô vượt qua đoàn người đi xe đạp có tổ chức?', 'https://lh3.googleusercontent.com/qp07kFKBfwrXhfw8m-EcqxzrBU3vIt1qecyqj3VwNkeSTYR0yMciU8D3ZddzAvEdGe0g=s149', '1. Tăng tốc độ, chuyển sang làn đường bên trái để vượt.', '2.Không được vượt những người đi xe đạp', '', '', 'b', '', '5', '2'),
(250, 'Phía trước có một xe đang lùi vào nơi đỗ, xe con phía trước đang chuyển sang làn đường bên trái,bạn xử lý như thế nào trong trường hợp này?', 'https://lh3.googleusercontent.com/qp07kFKBfwrXhfw8m-EcqxzrBU3vIt1qecyqj3VwNkeSTYR0yMciU8D3ZddzAvEdGe0g=s149', '1. Nếu phía sau không có xe xin vượt, chuyển sang làn đường bên trái.', '2. Nếu phía sau có xe xin vượt, thì giảm tốc độ,ở lại làn đường, dừng lại khi cần thiết.', '3. Tăng tốc độ trên làn đường của mình và vượt xe con.', '4. Ý 1 và ý 2', 'd', '', '5', '6'),
(251, 'Bạn xử lý như thế nào khi xe phía trước đang lùi ra khỏi nơi đỗ?', 'https://lh3.googleusercontent.com/-rhzVYf-M7KMV22TSlgcrRx0S5JlOGsG9kc3dAKNorYqJElnCsBLhAMz42q-KshFCAPP=s148', '1. Chuyển sang nửa đường bên trái để đi tiếp.', '2. Bấm còi, nháy đèn báo hiệu và đi tiếp.', '3. Giảm tốc độ, dừng lại nhường đường.', '', 'c', '', '5', '4'),
(252, 'Phía trước có một xe màu xanh đang vượt xe màu vàng trên làn đường của bạn, bạn xử lý như thế nào trong trường hợp này?', 'https://lh3.googleusercontent.com/ab1FJie5Nz9mF1VmyAkBqJ_gDWbkjadA0iJSXd7ikosgI9OWrP3XvN5nG_JresnCtsrKKQ=s146', '1. Phanh xe giảm tốc độ và đi sát lề đường bên phải', '2. Bấm còi, nháy đèn báo hiệu, giữ nguyên tốc độ và đi tiếp.', '3. Phanh xe giảm tốc độ và đi sát lề đường bên trái.', '', 'a', '', '5', '3'),
(253, 'Xe tải phía trước có tín hiệu xin chuyển làn đường,bạn xử lý như thế nào trong trường hợp này?', 'https://1.bp.blogspot.com/-J-fKNfy1MQ4/Xwjlijdw9II/AAAAAAAAUPg/AfxMYClbLsIfasMSDsLcGU1IF3Fk8pHOQCLcBGAsYHQ/s600/cau-581.jpg', '1. Bật tín hiệu xin chuyển làn đường sang trái để vượt xe tải.', '2. Phanh xe giảm tốc độ chờ xe tải phía trước chuyển làn đường.', '3. Bấm còi báo hiệu và vượt qua xe tải trên làn đường của mình.', '', 'b', '', '5', '7'),
(254, 'Bạn xử lý như thế nào trong trường hợp này?', 'https://1.bp.blogspot.com/-YwBlcx83UTE/XwjljdU7_iI/AAAAAAAAUPo/eqfrnsFDvrwPUmG6YHetWox8sb3TV7YmwCLcBGAsYHQ/s600/cau-582.jpg', '1. Tăng tốc độ và đi thẳng qua ngã tư.', '2, Dừng xe trước vạch dừng.', '3. Giảm tốc độ và đi thẳng qua ngã tư.', '', 'c', '', '5', '6'),
(255, 'Các xe đi theo thứ tự nào là đúng quy tắc giao thông đường bộ?', 'https://yeuvohai.com/storage/temp/public/62f/88f/699q583__528.jpg', '1, Xe của bạn, mô tô, xe đạp.', '2. Xe mô tô, xe đạp, xe của bạn.', '3. Xe đạp, xe mô tô, xe của bạn.', '', 'c', '', '5', '8'),
(256, 'Các xe đi theo thứ tự nào là đúng quy tắc giao thông đường bộ?', 'http://lapphuongthanh.vn/pic/Product/584_resul_637716373401344398_HasThumb.jpg', '1. Xe của bạn, xe tải, xe con.', '2. Xe con, xe tải, xe của bạn.', '3. Xe tải, xe của bạn, xe con.', '4. Xe của ban, xe con, xe tải.', 'd', '', '5', '3'),
(257, 'Xe nào phải nhường đường trong trường hợp này?', 'https://hoclaionline.com/wp-content/uploads/586.png', '1.Xe con.', '2. Xe của bạn.', '', '', 'b', '', '5', '2'),
(258, 'Bạn xử lý như thế nào trong trường hợp này?', 'https://lh3.googleusercontent.com/228yfBY8reQLyDZEBQ6TjBWcuCNU8Legjwxl_T3dWLQ45fl4066ltxjlNuQs0hDO5BRVRoI=s129', '1. Tăng tốc độ, đi qua vạch người đi bộ sang đường, để người đi bộ sang đường sau.', '2. Giảm tốc độ, đi qua vạch người đi bộ sang đường, để người đi bộ sang đường sau.', '3. Giảm tốc độ, để người đi bộ sang đường trước, sau đó cho xe đi qua vạch người đi bộ sang đường.', '', 'c', '', '5', '11'),
(259, 'Xe nào được đi trước trong trường hợp này?', 'https://lh3.googleusercontent.com/SnEEdDrIL7tT0HO9dPhB5C4-oSMIu0Knf7sIXV4551-khlTxK3D3WRGnKSeHl6TM7-3gpA=s125', '1.Xe con.', '2.Xe của bạn', '', '', 'b', '', '5', '2'),
(260, 'Các xe đi theo thứ tự nào là đúng quy tắc giao thông đường bộ?', 'https://lh3.googleusercontent.com/MUdH59npkkQ6Z_A_OuXCafOnmG7mtcSDtaI8p3_kgfotev8avGSnQp0BSVsboXlmlhi6hQ=s130', '1. Xe con, xe tải, xe của bạn.', '2. Xe tải, xe con, xe của bạn.', '3. Xe tải, xe của bạn, xe con.', '', 'b', '', '5', '1'),
(261, 'Bạn xử lý như thế nào trong trường hợp này?', 'https://lh3.googleusercontent.com/87H7aI3CSABAUaqnFsrkB1FTd48dr6nkxnzjwhUemBxrc5i-O4Xyb6Z2NV_HoIEY2zlQ=s126', '1. Tăng tốc độ cho xe lấn sang phần đường bên trái.', '2. Giảm tốc độ cho xe lấn sang phần đường bên trái.', '3. Giảm tốc độ cho xe đi sát phần đường bên phải', '', 'c', '', '5', '6'),
(262, 'Xe nào được đi trước trong trường hợp này?', 'https://lh3.googleusercontent.com/m3AOWBATUfdyXBZE2Q5C-oex4tsGcdtPi31NtDUdeD71Cjza3XW841hndJde7mAgZKc0=s131', '1.Xe tải.', '2. Xe của bạn.', '', '', 'a', '', '5', '10'),
(263, 'Xe nào dừng đúng theo quy tắc giao thông?', 'https://lh3.googleusercontent.com/DuV8jc1swBe9pSgCC9SWbuOpFl-caL6gnLZXec16dWxD4DiHRXv9G8nJPE0D7UJDXmJUiA=s136', '1.Xe con.', '2. Xe mô tô.', '3. Cả 2 xe đều sai.', '', 'a', '', '5', '1'),
(264, 'Các xe đi theo thứ tự nào là đúng quy tắc giao thông đường bộ?', 'https://lh3.googleusercontent.com/ho-zHV8Q263_Ez7tweHZYQoDBG5NAekpfS2IhIbnO980DYnRB3LTyvHYcscrh5y7dMlpNmo=s153', '1. Xe tải, xe đạp, xe của bạn.', '2. Xe của bạn, xe đạp, xe tải.', '3 Xe của bạn, xe tải, xe đạp.', '', 'c', '', '5', '1'),
(265, 'Để điều khiển xe rẽ trái, bạn chọn hướng đi nào dưới đây?', 'https://lh3.googleusercontent.com/mj9AUzaaZECXLu1D1g-o8bC-7XQD6PuBKf3ztpLktrfhQqzmhfhLU5dPVU7juQhv7dOBsw=s122', '1. Hướng 1.', '2. Hướng2.', '3. Gả 02 hướng đều được.', '', 'a', '', '5', '6'),
(266, 'Khi gặp xe ngược chiều bật đèn pha trong tình huống dưới đây, bạn xử lý như thế nào?', 'https://lh3.googleusercontent.com/hfuHRufsbnQvJCh96Mp3AsxvovxmsTR1L-C-ZbniAmfV-fAhhkVpVG81DU-YBWcNzBko=s126', '1. Bật đèn chiếu xa, tăng tốc độ vượt xe cùng chiều', '2.Giữ nguyên đèn chiếu gần , giảm tốc độ , đí sau xe phía trước', '3. Giữ nguyên đèn chiếu gần, tăng tốc độ vượt xe cùng chiều.', '', 'b', '', '5', '7'),
(267, 'Xe của bạn đang di chuyển gần đến khu vực giao cắt với đường sắt, khi rào chắn đang dịch chuyển,bạn điều khiển xe như thế nào là đúng quy tắc giao thông?', 'https://lh3.googleusercontent.com/48XB52zeyRERb2zwptTwE42nPiACMvIwL1P9Ld9xsnQKZTSiWdJhWhpPYW4Na_Huc1r18A=s161', '1 . Quan sát nếu thấy không có tàu thì tăng tốc cho xe vượt qua đường sắt.', '2. Dừng lại trước rào chắn một khoảng cách an toàn.', '3. Ra tín hiệu, yêu cầu người gác chắn tàu kéo chậm Barie để xe bạn qua.', '', 'b', '', '5', '10'),
(268, 'Trong tình huống dưới đây, xe con màu đỏ nhập làn đường cao tốc theo hướng mũi tên là đúng hay sai?', 'https://lh3.googleusercontent.com/igvnX1WHQCcOAhD7XHROm55E_OPAs6ruMU8u4rt1W2jp5RprJAplK7DLNXEKnjUrgOIXOg=s142', '1. Đúng.', '2.sai.', '', '', 'b', '', '5', '11'),
(269, 'Trong tình huống dưới đây, xe con màu đỏ có được phép vượt khi xe con màu xanh đang vượt xe tải', 'https://lh3.googleusercontent.com/5QzDsLCmBjRjpxf7PHRt49WTLJLN-4sFJ4CsKDbIzbZJn-Sre0_dYUMeMSbWbz_xr6y8yTU=s140', '1. Được vượt.', ' 2. Không được vượt.', '', '', 'b', '', '5', '8'),
(270, 'Trong tình huống dưới đây, xe con màu vàng vượt xe con màu đỏ là đúng quy tắc giao thông hay không?\n', 'https://lh3.googleusercontent.com/ElbxhPPAp-7B-0RwaxTizHyGiiFLUu-uELyloF8C_VWIsdPLjr7J8hunTgDKaE9eigrMgA=s139', '1. Đúng.', '2. Không đúng.', '', '', 'a', '', '5', '6'),
(271, 'Xe nào dừng đúng theo quy tắc giao thông?', 'https://lh3.googleusercontent.com/poBze7vlCgrlLxJ4R6N-ZgO0D4Ppd2X0z0TPwNXBTZ8j9aIwrvstTbDDq8eWneg21H1l=s142', '1.Xe con.', '. Xe mô tô.', '3. Cả 2 xe đều sai.', '', 'a', '', '5', '10'),
(272, 'Trong tình huống dưới đây, xe đầu kéo kéo rơ moóc (xe container) đang rẽ phải, xe con màu xanh đi như thế nào để đảm bảo an toàn?', 'https://lh3.googleusercontent.com/2EH6PTRWlgggygcLA9ocMwh7ZF81NILkdf9QwJ8k7FK_QrlJSJvoLr_2lBTSuB_8Jl2B5A=s140', '1. vượt về phía bên phải để đi tiếp.', '2. Giảm tốc độ chờ xe đầu kéo rẽ phải, rồi tiếp tục đi.', '3. vượt về phía bên trái để đi tiếp.', '', 'b', '', '5', '3'),
(273, 'Theo hướng mũi tên, những hướng nào ô tô con được phép đi?', 'https://lh3.googleusercontent.com/t5lKyzeBllQOuQPQa-nA8w6kUduPbhU2-dzh5QQl7FqDbohk6PhgFWQ9QvcZI_TL969d=s149', '1.Hướng 1.', '2.Hướng 1, 3 và 4.', '3. Hướng 2, 3 và 4.', '4. Cả bốn hướng.', 'b', '', '5', '7'),
(274, 'Thứ tự các xe đi như thế nào là đúng quy tắc giao thông?', 'https://lh3.googleusercontent.com/OGDIxInYdhDbK_gs0wCSfeOq1zRZZ9i-RL1fhBGjT5JTzAvAX0K_8AQ3j1TY6OtTMyijVfU=s166', '1. Xe con (A), mô tô, xe con (B), xe đạp.', '2. Xe con (B), xe đạp, mô tô, xe con (A).', '3. Xe con (A), xe con (B), mô tô + xe đạp.', '4. Mô tô + xe đạp, xe con (A), xe con (B).', 'd', '', '5', '6'),
(275, 'Theo hướng mũi tên, những hướng nào xe tải được phép đi?', 'https://lh3.googleusercontent.com/uMPkdnu4b3T6oaaPfcmVQpXIOLWh7Ct04_ZH-9l6qt9i4s6-hEVvsEYjX5Ak-NEEPnzo=s162', '1. Chỉ hướng 1.', '2.Hướng 1, 3 và 4.', '3.Hướng 1, 2 và 3', '4. Cả bốn hướng.', 'a', '', '5', '3');

-- --------------------------------------------------------

--
-- Table structure for table `hoclt`
--

DROP TABLE IF EXISTS `hoclt`;
CREATE TABLE IF NOT EXISTS `hoclt` (
  `tieude` text COLLATE utf8_unicode_ci NOT NULL,
  `hinh` text COLLATE utf8_unicode_ci NOT NULL,
  `socau` text COLLATE utf8_unicode_ci NOT NULL,
  `caudiemliet` text COLLATE utf8_unicode_ci NOT NULL,
  `tiendo` text COLLATE utf8_unicode_ci NOT NULL
) ENGINE=MyISAM DEFAULT CHARSET=utf8 COLLATE=utf8_unicode_ci;

--
-- Dumping data for table `hoclt`
--

INSERT INTO `hoclt` (`tieude`, `hinh`, `socau`, `caudiemliet`, `tiendo`) VALUES
('Khái niệm và quy tắc', 'https://wikici.com/Upload/chu-ky/chu-ky-ten-k-bill-smith-demo-ttf.jpeg', '122', '', ''),
('Văn hóa và đạo đức lái xe', 'https://cms.lichngaytot.com/medias/original/2015/4/10/Ten-goi-may-man-thuoc-van-V.jpg', '14', '', ''),
('Kỹ thuật lái xe', 'https://wikici.com/Upload/chu-ky/chu-ky-ten-k-bill-smith-demo-ttf.jpeg', '16', '', ''),
('Biển báo đường bộ', 'https://media5.sgp1.digitaloceanspaces.com/wp-content/uploads/2021/10/13121903/Letter-B-Wallpapers.jpg', '68', '', ''),
('Sa hình', 'https://encrypted-tbn0.gstatic.com/images?q=tbn:ANd9GcT16jPCDFMrS2b-9U_HtSKjwAVuFc9l-CWyoQ&usqp=CAU', '55', '', '');

-- --------------------------------------------------------

--
-- Table structure for table `lt_th`
--

DROP TABLE IF EXISTS `lt_th`;
CREATE TABLE IF NOT EXISTS `lt_th` (
  `id_meothi` int(11) NOT NULL,
  `nd_meothi` text COLLATE utf8_unicode_ci NOT NULL
) ENGINE=MyISAM DEFAULT CHARSET=utf8 COLLATE=utf8_unicode_ci;

--
-- Dumping data for table `lt_th`
--

INSERT INTO `lt_th` (`id_meothi`, `nd_meothi`) VALUES
(1, 'Mấy câu hỏi về “khái niệm” hoặc “ hiểu như thế nào là đúng” mà có các từ trong ngoặc kép “…” ở đề bài thì để ý những từ sau:\n\n+ Mấy câu có chứa “Vạch – Phố – Dải – Phần”: chọn ngay đáp án (1). Uy tín luôn.\n\n(Vạch trong từ “Vạch kẻ đường” , Phố trong từ “Đường phố” , Dải trong từ “Dải phân cách”, Phần trong từ “Phần đường xe chạy” )\n\n+ Mấy câu có chứa “Làn – Tiên – Giới”: lập tức lựa chọn đáp án (2). Uy tín luôn.\n\n(Làn trong từ “Làn đường” , Tiên trong từ ” Đường ưu tiên” , Giới từ trong “Phương tiện giao thông cơ giới” )\n\n+ Câu hỏi xuất hiện khái niệm “ đường bộ”, “văn hóa giao thông” : lập tức lựa chọn đáp án (1) + (2). Uy tín luôn.\n\n+ Câu hỏi xuất hiện khái niệm “Người điều khiển giao thông” : lập tức lựa chọn đáp án (2) + (3). Uy tín luôn.\n\n\n\nVượt qua mấy câu hỏi Khái niệm thì đơn giản, chỉ cần học các mẹo đó là bạn có thể giải quyết được tất cả các câu hỏi. Đảm bảo không trật một ly. Kỳ thi lý thuyết bằng lái xe máy dễ, nhưng chưa dừng lại ở đó đâu. Hãy cùng nhau tiếp tục tìm hiểu.'),
(1, '1.Chú ý :Để bài hỏi 1đằng nhưng đáp án thuờng 1 nẻo.Khi làm bài quan sát kĩ đ/án\n2. Đỏ là biển cấm, vàng là nguy hiểm, xanh là hiệu lệnh và chỉ dẫn.\n3. Biển có chữ là biển báohiệu cầu vượt liênthông,không có chữ là cầu vuợt cắt qua\n4. Chú ý đọc kĩ đề bài đừng nhầm giữa xe gắn máy và xe moto\n5. Biển báo cấm rẽ trái là cấm quay xe. Biển cấm quay xe là đuợc rẽ trái\n6. Hai con oto đâm vào nhau là biển xảy ra tai nạn, có AH112 là biển đối ngoại.\n\nMẹo nhận biết biển báo – Phần thi bằng oto\nBiển báo cấm (hình tròn, viền đỏ): biểu thị các điều cấm\nBiển báo nguy hiểm (hình tam giác vàng, viền đỏ): biểu thị các điều nguy hiểm\nBiển báo hiệu lệnh (hình tròn xanh, hình vẽ trắng): gặp biển này bắt buộc phải thi hành\nBiển chỉ dẫn (hình vuông hoặc hình chữ nhật màu xanh, hình vẽ trắng)\nThứ tự sắp xếp các loại xe từ nhỏ đến lớn: xe ô tô con → xe ô tô khách → xe ô tô tải → xe máy kéo → xe sơ mi rơ moóc\nBiển báo cấm xe nhỏ → cấm luôn xe lớn\nBiển cấm xe ô tô con → cấm luôn xe ba bánh, xe lam\nBiển cấm xe rẽ trái → cấm luôn xe quay đầu\nNgược lại biển cấm xe quay đầu → xe được phép rẽ trái\nNếu biển màu xanh cho phép xe quay đầu → xe không được phép rẽ trái\nNếu gặp biển “STOP” thì tất cả các xe phải dừng lại trong mọi trường hợp kể cả xe ưu tiên\nNếu gặp biển cấm có ghi số 14m thì chọn đáp án không được phép\nNếu biển báo cấm ô tô vượt thì tất cả các loại ôtô đều không được vượt\nNgược lại nếu biển cấm xe tải vượt thì xe ô tô con và ô tô khách được vượt\nBiển báo hiệu cầu vượt liên thông là biển báo hình chữ nhật có chữ trên biển\nBiển báo hiệu cầu vượt cắt ngang là biển báo hình tròn không có chữ trên biển\nBiển báo hình vuông màu xanh vẽ mũi tên dài bên phải nằm song song với xe khách và mũi tên ngắn hướng thẳng đứng báo hiệu có làn\nđường dành cho ô tô khách\nBiển báo màu xanh hình vuông vẽ mũi tên dài nằm dưới song song với xe khách và mũi tên ngắn hướng mũi tên dài về bên phải báo hiệu\nRẽ ra đường có làn đường dành cho ô tô khách'),
(1, 'a. Thứ tự đi phần sa hình:\n\nThứ 1: Xe nào vào nơi giao nhau đi trước.\n\nThứ 2: Xe ưu tiên đi trước: Quân sự, công an, cứu thương…\n\nThứ 3: Xe nào đi trên đường ưu tiên thì được đi trước.\n\nThứ 4: Xe bên phải không vướng đi trước.\n\nThứ 5: Rẽ phải – Đi thẳng – Rẽ trái.\n\n \n\nb. XE CON LUÔN ĐÚNG: Tức là xe con là từ khóa, xe con luôn chấp hành đúng quy tắc giao thông.\n\nKhi đề bài hỏi xe nào được quyền đi trước, xe nào chấp hành đúng luật giao thông => Chọn đáp án có xe con.\nKhi đề bài hỏi xe nào vi phạm quy tắc giao thông => Chọn đáp án không có xe con (Vì xe con luôn đúng).\n \n\nc. Có hình CSGT hoặc VÒNG TRÒN hoặc VÒNG XUYẾN: Chọn đáp án số 3.\n\n \n\nTrong phần sa hình, câu nào xuất hiện hình CSGT hoặc VÒNG TRÒN, hoặc VÒNG XUYẾN thì chọn luôn đáp án số 3.\n\n \n\nd. ĐẾM SỐ XE: Trong phần sa hình , trong hình chỉ có mỗi xe không, không có biển , không có đèn gì cả, thì ĐẾM SỐ XE CHỌN ĐÁP ÁN: Có 3 xe chọn đáp án 3, 4 xe chọn đáp án 4.\n\n \n\ne. Có mũi tên màu đỏ:\n\nĐếm ngã – 1 => ra đáp án. (Có 3 ngã thì đáp án 2, có 4 ngã thì đáp án 3).\n\n \n\nf. Có chữ Xe con (E) và “Xe xích lô”: chọn đáp án đúng luôn.'),
(2, 'Hiện nay, Trong việc thi bằng lái xe máy thì phần thi thực hành chấm điểm tự động bằng chip. Do máy tự động chấm điểm nên việc thi thực hành tỷ lệ trượt nhiều hơn so với trước. Qua quá trình tổ chức thi sát hạch qua rất nhiều học viên đúc kết ra một số mẹo cần chuẩn bị trước để thi đảm bảo đỗ 100%\n\n1.Tập trước vòng số 8 ở nhà. Phần thi thực hành trượt nhiều nhất là ở phần thi vòng số 8. Do đó, việc bạn đã biết đi xe máy thành thạo nhưng chưa tập qua vòng số 8 thì cũng rất dễ bị trượt. Bạn nên tập qua vòng số 8 càng nhiều lần càng tốt. Ít nhất là lúc đi xe vào vòng số 8 không còn cảm thấy loạng choạng.\n\n2.Hôm thi lên sân thi thật sớm. Tại sao chúng tôi lại khuyên bạn như vậy? Bởi vì xe của bạn thì bạn quen với nó, bạn đi rất ngon lành. Nhưng xe của sân thi thì khác nhiều đấy, nếu bạn không đến sớm để làm quen với nó thì cũng rất dễ trượt. Hơn nữa, buổi thi thường sẽ có rất đông người. Nếu bạn đến sớm thì không phải chờ lâu mới được tập xe. Còn nếu đến muộn thì khả năng phải xếp hàng dài dài mới đến lượt mình.\n\n3.Cách đi để không bị chạm vạch Đi xe vào từ mép ngoài bên trái, bởi vì như thế thì bánh sau mới không bị đè lên vạch. Nếu bạn đi vào từ mép ngoài bên phải thì nhìn bánh trước vào rất ngon lành, nhưng rất tiếc bánh sau sẽ bị đè lên vạch ngay. Tương tự lúc ra khỏi vòng số 8 cũng như vậy. Bạn phải cho xe ra từ mép ngoài bên trái, nếu không bánh sau của xe cũng sẽ đè lên vạch.\n'),
(2, 'Phần 1: Chạy theo vòng số 8\n\n– Khi nghe gọi tên vào thi thực hành bài thi sát hạch lái xe mô tô thí sinh nhận xe, đội mũ bảo hiểm, gạt chống xe và nổ máy đưa xe vào vị trí xuất phát.\n\n– Trong phần thi số 1 thí sinh phải nhớ nguyên tắc vào 8 ra 3, phải chạy đủ vòng. Nên chạy với tốc độ vừa phải trong suốt lộ trình.\n\n– Khi nghe hiệu lệnh của người chấm thi thí sinh\n\nbắt đầu phần thi số 1 của bài thi thực hành thi sát\n\nhạch lái xe mô tô.\n\n– Gài số vào hình, xuất phát rẽ phải đi 1 vòng số 8 theo mũi tên đỏ sau đó vòng ra cửa sổ 2 theo hướng mũi tên xanh.\n\n> Lưu ý: Trong phần thi này thí sinh nên để số 2 đi luôn cho đầm máy. Khi chạy sa hình số 8, thí sinh nên hạ nhẹ ga xuống. Tuy nhiên tốc độ không nên quá chậm, nếu chạy nhanh thí sinh có thể rà thắng từ từ để phần bánh trước của xe bám vào vành ngoài của vòng số 8. Đây là phần thi khó nhất của bài thi thực hành thi sát hạch lái xe mô tô và giám khảo cũng thường quan sát kỹ phần thi này nên các bạn cần lưu ý.\n'),
(2, 'Phần này là phần đơn giản nhất, các bạn thí sinh cần lưu ý chỉ nên đi với tốc độ vừa phải, giữ vững tay lái và đi giữa đường để tránh bị chạm vạch.'),
(2, 'Gọi là đường vòng vèo nhưng nó không quanh co chút nào, ứng viên chỉ cần hơi lượn tay lái theo vạch vẽ sẵn là được.'),
(2, 'Đây là phần thi thực hành cuối cùng. Các thí sinh phải giữ vững tay lái của mình tránh tình trạng mất lái, không nên đi với tốc độ quá chậm vì sẽ dễ ngã xe ảnh hưởng đến bài thi.');
COMMIT;

/*!40101 SET CHARACTER_SET_CLIENT=@OLD_CHARACTER_SET_CLIENT */;
/*!40101 SET CHARACTER_SET_RESULTS=@OLD_CHARACTER_SET_RESULTS */;
/*!40101 SET COLLATION_CONNECTION=@OLD_COLLATION_CONNECTION */;
